,loss,accuracy,val_loss,val_accuracy,lr
0,1.6535969972610474,0.5615384578704834,1.683165431022644,0.2982456088066101,0.009999999776482582
1,1.5256092548370361,0.6000000238418579,1.6654630899429321,0.2982456088066101,0.009999999776482582
2,1.3721877336502075,0.6123076677322388,1.6540600061416626,0.2982456088066101,0.009999999776482582
3,1.2494583129882812,0.6276922821998596,1.6469128131866455,0.2982456088066101,0.009999999776482582
4,1.1465389728546143,0.6230769157409668,1.6374917030334473,0.2982456088066101,0.009999999776482582
5,1.0588833093643188,0.6384615302085876,1.6280179023742676,0.2982456088066101,0.009999999776482582
6,0.948441743850708,0.7015384435653687,1.616523027420044,0.2982456088066101,0.009999999776482582
7,0.9139378070831299,0.7123076915740967,1.6081883907318115,0.3040935695171356,0.009999999776482582
8,0.798997163772583,0.7599999904632568,1.5923881530761719,0.30994153022766113,0.009999999776482582
9,0.7594175338745117,0.7923076748847961,1.5816301107406616,0.30994153022766113,0.009999999776482582
10,0.6482179760932922,0.8333333134651184,1.566786766052246,0.3274853825569153,0.009999999776482582
11,0.6310746669769287,0.8476923108100891,1.562470555305481,0.35087719559669495,0.009999999776482582
12,0.6600878834724426,0.8261538743972778,1.5421690940856934,0.4327485263347626,0.009999999776482582
13,0.6319088935852051,0.8430769443511963,1.5017309188842773,0.45614033937454224,0.009999999776482582
14,0.524885892868042,0.881538450717926,1.4676258563995361,0.46198830008506775,0.009999999776482582
15,0.47540122270584106,0.892307698726654,1.4269698858261108,0.49707603454589844,0.009999999776482582
16,0.4283621907234192,0.9184615612030029,1.4584907293319702,0.46783626079559326,0.009999999776482582
17,0.4334329068660736,0.9246153831481934,1.3978487253189087,0.4152046740055084,0.009999999776482582
18,0.5057404637336731,0.8907692432403564,1.5115338563919067,0.45614033937454224,0.009999999776482582
19,0.7587456107139587,0.7876923084259033,1.4133436679840088,0.6725146174430847,0.009999999776482582
20,0.5559700131416321,0.8692307472229004,1.4224696159362793,0.4444444477558136,0.009999999776482582
21,0.5335873365402222,0.8861538171768188,1.4108504056930542,0.4912280738353729,0.009999999776482582
22,0.4137255847454071,0.9276922941207886,1.4026927947998047,0.5321637392044067,0.009999999776482582
23,0.3662981390953064,0.9507692456245422,1.683334469795227,0.31578946113586426,0.009999999776482582
24,0.5782861113548279,0.8569231033325195,1.4636585712432861,0.3391812741756439,0.009999999776482582
25,0.4405501186847687,0.9215384721755981,1.336022138595581,0.5380116701126099,0.009999999776482582
26,0.3701110780239105,0.936923086643219,1.1358492374420166,0.567251443862915,0.009999999776482582
27,0.424308180809021,0.9107692241668701,1.2810851335525513,0.49707603454589844,0.009999999776482582
28,0.4116517901420593,0.9215384721755981,1.366997480392456,0.42105263471603394,0.009999999776482582
29,0.403084397315979,0.9107692241668701,1.65732741355896,0.39181286096572876,0.009999999776482582
30,0.3719596862792969,0.9338461756706238,1.58486008644104,0.3976608216762543,0.009999999776482582
31,0.3773362636566162,0.9246153831481934,1.7540943622589111,0.39181286096572876,0.009999999776482582
32,0.308598130941391,0.944615364074707,1.7971285581588745,0.39181286096572876,0.009999999776482582
33,0.2884705662727356,0.9784615635871887,1.8470922708511353,0.3684210479259491,0.009999999776482582
34,0.2784504294395447,0.9738461375236511,1.8773926496505737,0.35672515630722046,0.009999999776482582
35,0.23810380697250366,0.9846153855323792,1.769309639930725,0.3742690086364746,0.009999999776482582
36,0.37092962861061096,0.9353846311569214,2.181058406829834,0.28654971718788147,0.009999999776482582
37,0.4016755521297455,0.9200000166893005,2.3926405906677246,0.2573099434375763,0.009999999776482582
38,0.6348778605461121,0.8307692408561707,1.9211856126785278,0.3333333432674408,0.009999999776482582
39,0.6074536442756653,0.8584615588188171,1.5465166568756104,0.3976608216762543,0.009999999776482582
40,0.3829849064350128,0.9384615421295166,1.7609065771102905,0.35672515630722046,0.009999999776482582
41,0.29897162318229675,0.9753845930099487,1.842231273651123,0.35672515630722046,0.009999999776482582
42,0.26433494687080383,0.9800000190734863,1.7783198356628418,0.3742690086364746,0.009999999776482582
43,0.26806315779685974,0.9723076820373535,1.2379096746444702,0.5614035129547119,0.009999999776482582
44,0.5094355344772339,0.8784615397453308,1.2033849954605103,0.5555555820465088,0.009999999776482582
45,0.39149609208106995,0.9138461351394653,1.1142067909240723,0.5321637392044067,0.009999999776482582
46,0.3667725622653961,0.9353846311569214,0.9362938404083252,0.6315789222717285,0.009999999776482582
47,0.2859761714935303,0.9599999785423279,1.129632592201233,0.5730994343757629,0.009999999776482582
48,0.2839927673339844,0.961309552192688,0.6957234740257263,0.7836257219314575,0.009999999776482582
49,0.23141156136989594,0.9753845930099487,0.7321122288703918,0.7777777910232544,0.009999999776482582
50,0.2871231436729431,0.9492307901382446,1.4228240251541138,0.4736842215061188,0.009999999776482582
51,0.45340830087661743,0.8907692432403564,1.059362530708313,0.5789473652839661,0.009999999776482582
52,0.3702389895915985,0.9215384721755981,1.1185035705566406,0.6198830604553223,0.009999999776482582
53,0.3180997967720032,0.9569230675697327,1.1662311553955078,0.5906432867050171,0.009999999776482582
54,0.3074372410774231,0.947692334651947,1.5511528253555298,0.4853801131248474,0.009999999776482582
55,0.3516063094139099,0.9338461756706238,1.4565672874450684,0.4736842215061188,0.009999999776482582
56,0.35026833415031433,0.9246153831481934,1.1879080533981323,0.6023392081260681,0.009999999776482582
57,0.369123250246048,0.9138461351394653,0.9366500377655029,0.6608186960220337,0.009999999776482582
58,0.35182562470436096,0.9307692050933838,0.8623019456863403,0.7134503126144409,0.009999999776482582
59,0.285462349653244,0.9615384340286255,1.0016900300979614,0.6549707651138306,0.009999999776482582
60,0.26599305868148804,0.9707692265510559,0.6989340782165527,0.7953216433525085,0.009999999776482582
61,0.33293354511260986,0.9461538195610046,1.3036283254623413,0.4853801131248474,0.009999999776482582
62,0.2486640363931656,0.9738461375236511,2.237619161605835,0.2982456088066101,0.009999999776482582
63,0.25924572348594666,0.9676923155784607,0.9056050181388855,0.6783625483512878,0.009999999776482582
64,0.18278899788856506,0.9876922965049744,0.9419415593147278,0.6842105388641357,0.009999999776482582
65,0.40344852209091187,0.9107692241668701,0.9449895024299622,0.6725146174430847,0.009999999776482582
66,0.2798168361186981,0.9538461565971375,0.8948107361793518,0.6842105388641357,0.009999999776482582
67,0.33777984976768494,0.9184615612030029,0.906852126121521,0.6608186960220337,0.009999999776482582
68,0.3249577581882477,0.9399999976158142,0.9133658409118652,0.6666666865348816,0.009999999776482582
69,0.24332065880298615,0.9738461375236511,0.8615948557853699,0.6842105388641357,0.009999999776482582
70,0.2027687430381775,0.9846153855323792,0.9870001077651978,0.6608186960220337,0.009999999776482582
71,0.22492535412311554,0.9692307710647583,0.888132631778717,0.7017543911933899,0.009999999776482582
72,0.29606953263282776,0.9415384531021118,0.9802916049957275,0.707602322101593,0.009999999776482582
73,0.38017144799232483,0.9230769276618958,1.1004259586334229,0.6432748436927795,0.009999999776482582
74,0.25433290004730225,0.9615384340286255,0.9163689613342285,0.707602322101593,0.009999999776482582
75,0.23137547075748444,0.9753845930099487,1.1182565689086914,0.6315789222717285,0.009999999776482582
76,0.26217105984687805,0.9507692456245422,0.9022719860076904,0.6900584697723389,0.009999999776482582
77,0.1895487904548645,0.9815384745597839,0.7950692176818848,0.7426900863647461,0.009999999776482582
78,0.3133198320865631,0.9353846311569214,0.6832628846168518,0.8011695742607117,0.009999999776482582
79,0.28882119059562683,0.9569230675697327,0.5624476075172424,0.8538011908531189,0.009999999776482582
80,0.22492802143096924,0.96875,0.5827866196632385,0.8245614171028137,0.009999999776482582
81,0.21440564095973969,0.9753845930099487,0.6518287658691406,0.8187134265899658,0.009999999776482582
82,0.19254352152347565,0.9830769300460815,0.5578991770744324,0.847953200340271,0.009999999776482582
83,0.1743869185447693,0.9953846335411072,0.5119782090187073,0.859649121761322,0.009999999776482582
84,0.2139078974723816,0.9676923155784607,0.8122268319129944,0.7777777910232544,0.009999999776482582
85,0.30232053995132446,0.9430769085884094,0.6630083322525024,0.8070175647735596,0.009999999776482582
86,0.47258296608924866,0.8584615588188171,1.0192950963974,0.6374269127845764,0.009999999776482582
87,0.3058128356933594,0.9276922941207886,1.1011724472045898,0.5614035129547119,0.009999999776482582
88,0.277396023273468,0.9523077011108398,0.9176631569862366,0.6257309913635254,0.009999999776482582
89,0.2412392646074295,0.9707692265510559,1.4221019744873047,0.5146198868751526,0.009999999776482582
90,0.44429874420166016,0.8861538171768188,0.6942137479782104,0.7602339386940002,0.009999999776482582
91,0.23921912908554077,0.9707692265510559,0.6314362287521362,0.8011695742607117,0.009999999776482582
92,0.3147912621498108,0.9461538195610046,0.7924440503120422,0.7134503126144409,0.009999999776482582
93,0.21737340092658997,0.9707692265510559,0.6884211301803589,0.7543859481811523,0.009999999776482582
94,0.21249164640903473,0.9723076820373535,0.6901971697807312,0.7309941649436951,0.009999999776482582
95,0.1799289584159851,0.9861538410186768,0.752467930316925,0.7134503126144409,0.009999999776482582
96,0.1741194725036621,0.9876922965049744,0.6731709241867065,0.7719298005104065,0.009999999776482582
97,0.15610119700431824,0.9923076629638672,0.6667647957801819,0.7719298005104065,0.009999999776482582
98,0.15556946396827698,0.9969230890274048,0.5696388483047485,0.8245614171028137,0.009999999776482582
99,0.15141578018665314,0.9923076629638672,0.6954472661018372,0.7602339386940002,0.009999999776482582
100,0.15516901016235352,0.9876922965049744,0.559356689453125,0.8245614171028137,0.009999999776482582
101,0.22100438177585602,0.9723076820373535,0.7939027547836304,0.7719298005104065,0.009999999776482582
102,0.1815057247877121,0.9846153855323792,0.6671344637870789,0.8128654956817627,0.009999999776482582
103,0.18931345641613007,0.9830769300460815,0.6345886588096619,0.8187134265899658,0.009999999776482582
104,0.21243111789226532,0.9738461375236511,0.6528470516204834,0.7953216433525085,0.009999999776482582
105,0.18295395374298096,0.9830769300460815,0.7469499707221985,0.7426900863647461,0.009999999776482582
106,0.20594364404678345,0.9815384745597839,1.4701149463653564,0.4736842215061188,0.009999999776482582
107,0.28310003876686096,0.9492307901382446,0.9705754518508911,0.6198830604553223,0.009999999776482582
108,0.379554808139801,0.8846153616905212,1.215712308883667,0.5321637392044067,0.009999999776482582
109,0.3067067861557007,0.9384615421295166,0.813911497592926,0.7485380172729492,0.009999999776482582
110,0.21850259602069855,0.9738461375236511,0.8963572382926941,0.7309941649436951,0.009999999776482582
111,0.3346632122993469,0.9200000166893005,0.6677805781364441,0.8011695742607117,0.009999999776482582
112,0.22921635210514069,0.9692307710647583,0.6042886972427368,0.8128654956817627,0.009999999776482582
113,0.1819228082895279,0.9830769300460815,0.5951033234596252,0.8304093480110168,0.009999999776482582
114,0.20532633364200592,0.9723076820373535,0.7113242745399475,0.7660818696022034,0.009999999776482582
115,0.17625203728675842,0.9815384745597839,0.5710439085960388,0.8304093480110168,0.009999999776482582
116,0.2004079669713974,0.9753845930099487,0.5674739480018616,0.8070175647735596,0.009999999776482582
117,0.17887769639492035,0.9800000190734863,0.44732898473739624,0.8947368264198303,0.009999999776482582
118,0.15617477893829346,0.989230751991272,0.3910916745662689,0.9064327478408813,0.009999999776482582
119,0.16856473684310913,0.9876922965049744,0.6031273007392883,0.8245614171028137,0.009999999776482582
120,0.2954832911491394,0.9384615421295166,0.7340383529663086,0.7309941649436951,0.009999999776482582
121,0.20220641791820526,0.9815384745597839,0.6070124506950378,0.8070175647735596,0.009999999776482582
122,0.17746126651763916,0.9815384745597839,0.5581859946250916,0.8070175647735596,0.009999999776482582
123,0.25180134177207947,0.9538461565971375,0.5907430648803711,0.7719298005104065,0.009999999776482582
124,0.171133890748024,0.9907692074775696,0.4566739499568939,0.8538011908531189,0.009999999776482582
125,0.17025792598724365,0.9876922965049744,0.5102736949920654,0.8304093480110168,0.009999999776482582
126,0.1419154554605484,0.9923076629638672,0.424574077129364,0.8654970526695251,0.009999999776482582
127,0.13748301565647125,0.9907692074775696,0.36888962984085083,0.8947368264198303,0.009999999776482582
128,0.21110211312770844,0.9676923155784607,0.8930715918540955,0.6842105388641357,0.009999999776482582
129,0.19235916435718536,0.9707692265510559,0.6410056948661804,0.7836257219314575,0.009999999776482582
130,0.15027457475662231,0.989230751991272,0.6247961521148682,0.8011695742607117,0.009999999776482582
131,0.18967533111572266,0.9784615635871887,0.45803216099739075,0.8771929740905762,0.009999999776482582
132,0.1744993031024933,0.9830769300460815,0.363840252161026,0.9356725215911865,0.009999999776482582
133,0.17982184886932373,0.9784615635871887,0.28700730204582214,0.9590643048286438,0.009999999776482582
134,0.15828508138656616,0.9923076629638672,0.27717462182044983,0.9590643048286438,0.009999999776482582
135,0.2088974267244339,0.9692307710647583,0.340768426656723,0.9298245906829834,0.009999999776482582
136,0.18025054037570953,0.9784615635871887,0.28965285420417786,0.9473684430122375,0.009999999776482582
137,0.15494799613952637,0.9861538410186768,0.25157031416893005,0.9532163739204407,0.009999999776482582
138,0.12812505662441254,0.9953846335411072,0.25152328610420227,0.9473684430122375,0.009999999776482582
139,0.1295221447944641,0.9969230890274048,0.2318475991487503,0.9649122953414917,0.009999999776482582
140,0.18530891835689545,0.9723076820373535,0.6131280660629272,0.8128654956817627,0.009999999776482582
141,0.21460968255996704,0.9646154046058655,0.9946364164352417,0.6257309913635254,0.009999999776482582
142,0.2161664217710495,0.9738461375236511,0.6578713655471802,0.7660818696022034,0.009999999776482582
143,0.1547396332025528,0.989230751991272,0.4481038749217987,0.8421052694320679,0.009999999776482582
144,0.16385112702846527,0.9815384745597839,0.5347239971160889,0.8128654956817627,0.009999999776482582
145,0.1428600549697876,0.9907692074775696,0.2831035554409027,0.9298245906829834,0.009999999776482582
146,0.19465534389019012,0.9723076820373535,0.5419735908508301,0.8245614171028137,0.009999999776482582
147,0.15741609036922455,0.9876922965049744,0.3820154666900635,0.871345043182373,0.009999999776482582
148,0.20106926560401917,0.9769230484962463,0.3153902292251587,0.9298245906829834,0.009999999776482582
149,0.18555542826652527,0.9738461375236511,0.34381380677223206,0.8947368264198303,0.009999999776482582
150,0.15635526180267334,0.9923076629638672,0.27532216906547546,0.9415204524993896,0.009999999776482582
151,0.12024855613708496,0.9969230890274048,0.2395896315574646,0.9707602262496948,0.009999999776482582
152,0.15300574898719788,0.9861538410186768,0.21037845313549042,0.9707602262496948,0.009999999776482582
153,0.11593678593635559,0.9969230890274048,0.20881764590740204,0.9590643048286438,0.009999999776482582
154,0.1691771149635315,0.9753845930099487,0.4733261168003082,0.871345043182373,0.009999999776482582
155,0.18003690242767334,0.9747023582458496,0.37247592210769653,0.9181286692619324,0.009999999776482582
156,0.12905144691467285,0.9923076629638672,0.3502171039581299,0.9298245906829834,0.009999999776482582
157,0.11628229171037674,0.9984615445137024,0.4056784510612488,0.8947368264198303,0.009999999776482582
158,0.1810220628976822,0.9784615635871887,0.30970698595046997,0.9181286692619324,0.009999999776482582
159,0.21830016374588013,0.9676923155784607,0.7949675917625427,0.719298243522644,0.009999999776482582
160,0.14683513343334198,0.9923076629638672,0.45303335785865784,0.8362573385238647,0.009999999776482582
161,0.14320720732212067,0.989230751991272,0.31479567289352417,0.9122806787490845,0.009999999776482582
162,0.13667061924934387,0.9938461780548096,0.5187779068946838,0.8128654956817627,0.009999999776482582
163,0.12415697425603867,0.9985119104385376,0.30821657180786133,0.9005848169326782,0.009999999776482582
164,0.12849856913089752,0.989230751991272,1.380176067352295,0.5029239654541016,0.009999999776482582
165,0.18486598134040833,0.9723076820373535,0.6471641659736633,0.7953216433525085,0.009999999776482582
166,0.13155688345432281,0.9938461780548096,0.5195440649986267,0.8362573385238647,0.009999999776482582
167,0.1383431851863861,0.9938461780548096,0.4625779986381531,0.8830409646034241,0.009999999776482582
168,0.11583428084850311,0.9969230890274048,0.38530901074409485,0.9005848169326782,0.009999999776482582
169,0.13074302673339844,0.9907692074775696,0.5786576867103577,0.8421052694320679,0.009999999776482582
170,0.16573359072208405,0.9815384745597839,0.41306960582733154,0.9005848169326782,0.009999999776482582
171,0.13897934556007385,0.9923076629638672,0.6193581223487854,0.8362573385238647,0.009999999776482582
172,0.12404237687587738,0.9970238208770752,0.46036070585250854,0.871345043182373,0.009999999776482582
173,0.13286444544792175,0.9907692074775696,0.39785194396972656,0.8947368264198303,0.009999999776482582
174,0.12669280171394348,0.9938461780548096,0.35570886731147766,0.8947368264198303,0.009999999776482582
175,0.11861560493707657,0.9938461780548096,0.29283714294433594,0.9298245906829834,0.009999999776482582
176,0.10291202366352081,0.9984615445137024,0.2755166292190552,0.9415204524993896,0.009999999776482582
177,0.10921856015920639,0.9984615445137024,0.29008573293685913,0.9356725215911865,0.009999999776482582
178,0.10436620563268661,1.0,0.32092657685279846,0.9122806787490845,0.009999999776482582
179,0.24174067378044128,0.947692334651947,1.5766947269439697,0.42105263471603394,0.009999999776482582
180,0.15309588611125946,0.9800000190734863,1.2681005001068115,0.5380116701126099,0.009999999776482582
181,0.16271533071994781,0.9769230484962463,0.9088572263717651,0.6257309913635254,0.009999999776482582
182,0.15932948887348175,0.9876922965049744,0.6779407858848572,0.8128654956817627,0.009999999776482582
183,0.16923744976520538,0.9784615635871887,0.4508413076400757,0.871345043182373,0.009999999776482582
184,0.26085713505744934,0.9461538195610046,1.1226887702941895,0.5555555820465088,0.009999999776482582
185,0.15339688956737518,0.989230751991272,0.8587808609008789,0.6842105388641357,0.009999999776482582
186,0.13666996359825134,0.9953846335411072,0.7524960041046143,0.7251461744308472,0.009999999776482582
187,0.15471452474594116,0.9907692074775696,0.7276470065116882,0.7309941649436951,0.009999999776482582
188,0.14628110826015472,0.988095223903656,0.5632932186126709,0.7836257219314575,0.009999999776482582
189,0.12665514647960663,0.9923076629638672,0.5023314952850342,0.8245614171028137,0.009999999776482582
190,0.16468261182308197,0.9784615635871887,0.8179786801338196,0.719298243522644,0.009999999776482582
191,0.18130198121070862,0.9723076820373535,0.41060665249824524,0.9005848169326782,0.009999999776482582
192,0.185768261551857,0.9738461375236511,0.43492987751960754,0.9005848169326782,0.009999999776482582
193,0.13856808841228485,0.9923076629638672,0.4193006753921509,0.9005848169326782,0.009999999776482582
194,0.13305899500846863,0.989230751991272,0.4182729423046112,0.8830409646034241,0.009999999776482582
195,0.12851274013519287,0.9876922965049744,0.393235981464386,0.8888888955116272,0.009999999776482582
196,0.11725353449583054,0.9923076629638672,0.3829059302806854,0.8947368264198303,0.009999999776482582
197,0.21873587369918823,0.9615384340286255,0.828033447265625,0.7485380172729492,0.009999999776482582
198,0.15619927644729614,0.989230751991272,0.6815347671508789,0.8187134265899658,0.009999999776482582
199,0.11473536491394043,0.9953846335411072,0.5432261228561401,0.847953200340271,0.009999999776482582
200,0.12556235492229462,0.9969230890274048,0.4558499753475189,0.871345043182373,0.009999999776482582
201,0.1212959736585617,0.9923076629638672,0.5316334366798401,0.8421052694320679,0.009999999776482582
202,0.12528087198734283,0.9907692074775696,0.41217532753944397,0.871345043182373,0.009999999776482582
203,0.14619767665863037,0.9769230484962463,0.630284309387207,0.847953200340271,0.009999999776482582
204,0.1729142665863037,0.9784615635871887,0.5335646271705627,0.8654970526695251,0.0009999999310821295
205,0.14714975655078888,0.9753845930099487,0.45060595870018005,0.8830409646034241,0.0009999999310821295
206,0.14180049300193787,0.9876922965049744,0.4101211428642273,0.8947368264198303,0.0009999999310821295
207,0.16021011769771576,0.9830769300460815,0.3830111622810364,0.9005848169326782,0.0009999999310821295
208,0.1516750007867813,0.9784615635871887,0.3550160527229309,0.9122806787490845,0.0009999999310821295
209,0.14862464368343353,0.9815384745597839,0.3373633921146393,0.9239766001701355,0.0009999999310821295
210,0.12499808520078659,0.9876922965049744,0.31294575333595276,0.9239766001701355,0.0009999999310821295
211,0.1478767693042755,0.9846153855323792,0.26288488507270813,0.9356725215911865,0.0009999999310821295
212,0.1288737803697586,0.9876922965049744,0.23965324461460114,0.9532163739204407,0.0009999999310821295
213,0.12060869485139847,0.9923076629638672,0.23278996348381042,0.9590643048286438,0.0009999999310821295
214,0.12681075930595398,0.9938461780548096,0.2316604107618332,0.9649122953414917,0.0009999999310821295
215,0.12256879359483719,0.9876922965049744,0.23424166440963745,0.9590643048286438,0.0009999999310821295
216,0.13630934059619904,0.9907692074775696,0.21567972004413605,0.9707602262496948,0.0009999999310821295
217,0.10383275151252747,0.9984615445137024,0.21054412424564362,0.9707602262496948,0.0009999999310821295
218,0.11445201188325882,0.989230751991272,0.20727001130580902,0.9707602262496948,0.0009999999310821295
219,0.12189538776874542,0.9923076629638672,0.2029910832643509,0.9707602262496948,0.0009999999310821295
220,0.12166356295347214,0.9923076629638672,0.20172671973705292,0.9707602262496948,0.0009999999310821295
221,0.1031642034649849,0.9938461780548096,0.20051266252994537,0.9707602262496948,0.0009999999310821295
222,0.12098677456378937,0.9876922965049744,0.1962660253047943,0.9707602262496948,0.0009999999310821295
223,0.12029712647199631,0.9953846335411072,0.206835076212883,0.9707602262496948,0.0009999999310821295
224,0.11153193563222885,0.9969230890274048,0.20186030864715576,0.9707602262496948,0.0009999999310821295
225,0.11345477402210236,0.9953846335411072,0.19511082768440247,0.9707602262496948,0.0009999999310821295
226,0.11859314143657684,0.9876922965049744,0.1931803971529007,0.9707602262496948,0.0009999999310821295
227,0.10213083028793335,0.9984615445137024,0.1925063133239746,0.9707602262496948,0.0009999999310821295
228,0.10251834243535995,0.9984615445137024,0.18907085061073303,0.9707602262496948,0.0009999999310821295
229,0.13767388463020325,0.9876922965049744,0.18738138675689697,0.9707602262496948,0.0009999999310821295
230,0.1124257743358612,0.989230751991272,0.1863710880279541,0.9707602262496948,0.0009999999310821295
231,0.11477022618055344,0.9923076629638672,0.18316709995269775,0.9707602262496948,0.0009999999310821295
232,0.10262046009302139,0.9953846335411072,0.18092194199562073,0.9766082167625427,0.0009999999310821295
233,0.11168710887432098,0.9923076629638672,0.1796814203262329,0.9766082167625427,0.0009999999310821295
234,0.10600081086158752,0.9969230890274048,0.17882557213306427,0.9766082167625427,0.0009999999310821295
235,0.10314270853996277,0.9984615445137024,0.17819638550281525,0.9766082167625427,0.0009999999310821295
236,0.0938032940030098,1.0,0.17765016853809357,0.9766082167625427,0.0009999999310821295
237,0.09908798336982727,0.9984615445137024,0.1780061572790146,0.9766082167625427,0.0009999999310821295
238,0.10818975418806076,0.9923076629638672,0.1784035861492157,0.9766082167625427,0.0009999999310821295
239,0.10019834339618683,0.9969230890274048,0.17844966053962708,0.9766082167625427,0.0009999999310821295
240,0.10618595778942108,0.9953846335411072,0.17765723168849945,0.9766082167625427,0.0009999999310821295
241,0.121605284512043,0.9923076629638672,0.1883196085691452,0.9766082167625427,0.0009999999310821295
242,0.12578578293323517,0.9953846335411072,0.18523293733596802,0.9766082167625427,0.0009999999310821295
243,0.11496666818857193,0.9953846335411072,0.18457099795341492,0.9766082167625427,0.0009999999310821295
244,0.0968308225274086,0.9969230890274048,0.18339180946350098,0.9766082167625427,0.0009999999310821295
245,0.10188185423612595,0.9953846335411072,0.18305577337741852,0.9766082167625427,0.0009999999310821295
246,0.10024098306894302,0.9984615445137024,0.18163681030273438,0.9824561476707458,0.0009999999310821295
247,0.10037396848201752,0.9984615445137024,0.17978844046592712,0.9824561476707458,0.0009999999310821295
248,0.10675269365310669,0.9923076629638672,0.17925743758678436,0.9824561476707458,0.0009999999310821295
249,0.10697963088750839,0.9969230890274048,0.1784338802099228,0.9824561476707458,0.0009999999310821295
250,0.09933461993932724,0.9984615445137024,0.1769237518310547,0.9824561476707458,0.0009999999310821295
251,0.10049311816692352,1.0,0.17702144384384155,0.9824561476707458,0.0009999999310821295
252,0.1025131344795227,0.9938461780548096,0.17844761908054352,0.9824561476707458,0.0009999999310821295
253,0.09997054934501648,0.9969230890274048,0.17705482244491577,0.9824561476707458,0.0009999999310821295
254,0.1033315360546112,0.9969230890274048,0.17678315937519073,0.9824561476707458,0.0009999999310821295
255,0.10573533177375793,0.9953846335411072,0.1771789789199829,0.9824561476707458,0.0009999999310821295
256,0.09823639690876007,0.9969230890274048,0.17569047212600708,0.9824561476707458,0.0009999999310821295
257,0.09097500145435333,0.9984615445137024,0.17451035976409912,0.9824561476707458,0.0009999999310821295
258,0.10852581262588501,0.9938461780548096,0.17345793545246124,0.9824561476707458,0.0009999999310821295
259,0.09510068595409393,1.0,0.1722903996706009,0.9824561476707458,0.0009999999310821295
260,0.0950513482093811,0.9969230890274048,0.17170286178588867,0.9824561476707458,0.0009999999310821295
261,0.09659760445356369,0.9984615445137024,0.1712179034948349,0.9824561476707458,0.0009999999310821295
262,0.09174670279026031,1.0,0.1710776388645172,0.9824561476707458,0.0009999999310821295
263,0.09996861219406128,0.9984615445137024,0.17045295238494873,0.9824561476707458,0.0009999999310821295
264,0.10424166172742844,0.9969230890274048,0.16974766552448273,0.9824561476707458,0.0009999999310821295
265,0.1367034763097763,0.9907692074775696,0.17175215482711792,0.9824561476707458,0.0009999999310821295
266,0.0940595418214798,0.9953846335411072,0.17188581824302673,0.9824561476707458,0.0009999999310821295
267,0.09852032363414764,0.9984615445137024,0.17401115596294403,0.9824561476707458,0.0009999999310821295
268,0.1031716838479042,0.9984615445137024,0.17336690425872803,0.9824561476707458,0.0009999999310821295
269,0.11054810881614685,0.9938461780548096,0.17360791563987732,0.9824561476707458,0.0009999999310821295
270,0.10245493799448013,0.9969230890274048,0.17406904697418213,0.9766082167625427,0.0009999999310821295
271,0.12956692278385162,0.989230751991272,0.18502287566661835,0.9707602262496948,0.0009999999310821295
272,0.09614938497543335,0.9985119104385376,0.18240781128406525,0.9707602262496948,0.0009999999310821295
273,0.09407242387533188,1.0,0.1814097911119461,0.9707602262496948,0.0009999999310821295
274,0.09443273395299911,0.9984615445137024,0.18215270340442657,0.9707602262496948,0.0009999999310821295
275,0.10716839134693146,0.9938461780548096,0.17969979345798492,0.9766082167625427,0.0009999999310821295
276,0.10197831690311432,0.9938461780548096,0.1779049038887024,0.9766082167625427,0.0009999999310821295
277,0.09956902265548706,0.9969230890274048,0.17694099247455597,0.9824561476707458,0.0009999999310821295
278,0.09319008141756058,1.0,0.1763710379600525,0.9824561476707458,0.0009999999310821295
279,0.10165568441152573,0.9953846335411072,0.1765422523021698,0.9824561476707458,0.0009999999310821295
280,0.09489333629608154,0.9969230890274048,0.17575624585151672,0.9824561476707458,0.0009999999310821295
281,0.0956491082906723,1.0,0.17461873590946198,0.9824561476707458,0.0009999999310821295
282,0.09668655693531036,0.9953846335411072,0.17472977936267853,0.9824561476707458,0.0009999999310821295
283,0.09075318276882172,0.9984615445137024,0.17470486462116241,0.9824561476707458,0.0009999999310821295
284,0.09871859103441238,0.9953846335411072,0.1799388825893402,0.9766082167625427,0.0009999999310821295
285,0.11483711749315262,0.9953846335411072,0.16651414334774017,0.9824561476707458,0.0009999999310821295
286,0.093372642993927,0.9969230890274048,0.1681385040283203,0.9824561476707458,0.0009999999310821295
287,0.09809541702270508,1.0,0.16888427734375,0.9824561476707458,0.0009999999310821295
288,0.09084305912256241,1.0,0.16786706447601318,0.9824561476707458,0.0009999999310821295
289,0.09649626165628433,0.9969230890274048,0.16659170389175415,0.9824561476707458,0.0009999999310821295
290,0.09947327524423599,0.9953846335411072,0.16686400771141052,0.9824561476707458,0.0009999999310821295
291,0.10125607997179031,0.9969230890274048,0.16769570112228394,0.9824561476707458,0.0009999999310821295
292,0.10453610867261887,0.9969230890274048,0.16924747824668884,0.9824561476707458,0.0009999999310821295
293,0.10264065116643906,0.9938461780548096,0.1673460751771927,0.9824561476707458,0.0009999999310821295
294,0.09258929640054703,1.0,0.16815517842769623,0.9824561476707458,0.0009999999310821295
295,0.09879306703805923,0.9984615445137024,0.17224520444869995,0.9766082167625427,0.0009999999310821295
296,0.11197804659605026,0.9923076629638672,0.17590121924877167,0.9766082167625427,0.0009999999310821295
297,0.09325257688760757,0.9953846335411072,0.17728175222873688,0.9766082167625427,0.0009999999310821295
298,0.09598979353904724,1.0,0.17586643993854523,0.9766082167625427,0.0009999999310821295
299,0.08942223340272903,0.9984615445137024,0.17335492372512817,0.9766082167625427,0.0009999999310821295
300,0.09665681421756744,0.9984615445137024,0.17391985654830933,0.9766082167625427,0.0009999999310821295
301,0.11173343658447266,0.9938461780548096,0.17446495592594147,0.9766082167625427,0.0009999999310821295
302,0.09002003818750381,0.9984615445137024,0.17484219372272491,0.9766082167625427,0.0009999999310821295
303,0.09345141798257828,0.9969230890274048,0.17505981028079987,0.9766082167625427,0.0009999999310821295
304,0.0863635316491127,1.0,0.17470642924308777,0.9766082167625427,0.0009999999310821295
305,0.09072360396385193,1.0,0.17421425879001617,0.9824561476707458,0.0009999999310821295
306,0.10463296622037888,0.9938461780548096,0.17370256781578064,0.9824561476707458,0.0009999999310821295
307,0.0883205309510231,1.0,0.1742977499961853,0.9824561476707458,0.0009999999310821295
308,0.11377675831317902,0.9953846335411072,0.1770888864994049,0.9824561476707458,0.0009999999310821295
309,0.10512900352478027,0.9938461780548096,0.17643524706363678,0.9824561476707458,0.0009999999310821295
310,0.1021333560347557,0.9938461780548096,0.1754528433084488,0.9824561476707458,0.0009999999310821295
311,0.10009051859378815,0.9984615445137024,0.1745089441537857,0.9824561476707458,0.0009999999310821295
312,0.08890772610902786,1.0,0.17330628633499146,0.9824561476707458,0.0009999999310821295
313,0.08587455004453659,1.0,0.17294462025165558,0.9824561476707458,0.0009999999310821295
314,0.10433276742696762,0.9969230890274048,0.18118713796138763,0.9707602262496948,0.0009999999310821295
315,0.09179491549730301,0.9984615445137024,0.18000784516334534,0.9824561476707458,0.0009999999310821295
316,0.09426605701446533,0.9969230890274048,0.184152752161026,0.9766082167625427,0.0009999999310821295
317,0.0843205377459526,1.0,0.18293540179729462,0.9766082167625427,0.0009999999310821295
318,0.09134496748447418,1.0,0.18212313950061798,0.9766082167625427,0.0009999999310821295
319,0.0912848487496376,0.9984615445137024,0.18259024620056152,0.9824561476707458,0.0009999999310821295
320,0.08814840763807297,0.9984615445137024,0.18251226842403412,0.9824561476707458,0.0009999999310821295
321,0.0858968198299408,1.0,0.18097379803657532,0.9824561476707458,0.0009999999310821295
322,0.09048545360565186,1.0,0.18011291325092316,0.9824561476707458,0.0009999999310821295
323,0.0922875851392746,0.9984615445137024,0.1778469681739807,0.9824561476707458,0.0009999999310821295
324,0.09110253304243088,0.9984615445137024,0.17771480977535248,0.9824561476707458,0.0009999999310821295
325,0.10717286169528961,0.9938461780548096,0.17755945026874542,0.9766082167625427,0.0009999999310821295
326,0.08798059821128845,1.0,0.17728976905345917,0.9824561476707458,0.0009999999310821295
327,0.09176553785800934,0.9984615445137024,0.17541514337062836,0.9824561476707458,0.0009999999310821295
328,0.09939295798540115,0.9969230890274048,0.175177663564682,0.9824561476707458,0.0009999999310821295
329,0.09341790527105331,0.9969230890274048,0.18047384917736053,0.9766082167625427,0.0009999999310821295
330,0.09572895616292953,0.9984615445137024,0.17838338017463684,0.9766082167625427,0.0009999999310821295
331,0.08646146953105927,1.0,0.1771731972694397,0.9766082167625427,0.0009999999310821295
332,0.10401124507188797,0.9969230890274048,0.17475195229053497,0.9766082167625427,0.0009999999310821295
333,0.09407760947942734,0.9984615445137024,0.17413997650146484,0.9766082167625427,0.0009999999310821295
334,0.09860391169786453,0.9984615445137024,0.1721183955669403,0.9824561476707458,0.0009999999310821295
335,0.09313201159238815,0.9984615445137024,0.17191949486732483,0.9824561476707458,0.0009999999310821295
336,0.11330699175596237,0.9953846335411072,0.17263753712177277,0.9824561476707458,9.999999747378752e-05
337,0.09652260690927505,0.9953846335411072,0.17244377732276917,0.9824561476707458,9.999999747378752e-05
338,0.09645140171051025,0.9953846335411072,0.17290501296520233,0.9824561476707458,9.999999747378752e-05
339,0.09522543102502823,0.9969230890274048,0.17168192565441132,0.9824561476707458,9.999999747378752e-05
340,0.10372553020715714,0.9953846335411072,0.17024268209934235,0.9824561476707458,9.999999747378752e-05
341,0.09220044314861298,1.0,0.16984975337982178,0.9824561476707458,9.999999747378752e-05
342,0.09550247341394424,0.9969230890274048,0.1697228103876114,0.9824561476707458,9.999999747378752e-05
343,0.09368319809436798,0.9984615445137024,0.16930022835731506,0.9824561476707458,9.999999747378752e-05
344,0.09179922193288803,1.0,0.16907520592212677,0.9824561476707458,9.999999747378752e-05
345,0.1023746207356453,0.9938461780548096,0.16885343194007874,0.9824561476707458,9.999999747378752e-05
346,0.11408919095993042,0.9938461780548096,0.17028021812438965,0.9824561476707458,9.999999747378752e-05
347,0.08964606374502182,0.9969230890274048,0.17091584205627441,0.9824561476707458,9.999999747378752e-05
348,0.11426495760679245,0.9969230890274048,0.16929958760738373,0.9824561476707458,9.999999747378752e-05
349,0.08901235461235046,1.0,0.16884548962116241,0.9824561476707458,9.999999747378752e-05
350,0.0930604487657547,0.9953846335411072,0.16815629601478577,0.9824561476707458,9.999999747378752e-05
351,0.09215400367975235,0.9969230890274048,0.1680697798728943,0.9824561476707458,9.999999747378752e-05
352,0.08680509775876999,0.9969230890274048,0.16821181774139404,0.9824561476707458,9.999999747378752e-05
353,0.09912243485450745,0.9953846335411072,0.16792313754558563,0.9824561476707458,9.999999747378752e-05
354,0.10222429782152176,0.9938461780548096,0.16793613135814667,0.9824561476707458,9.999999747378752e-05
355,0.09097451716661453,0.9984615445137024,0.16789285838603973,0.9824561476707458,9.999999747378752e-05
356,0.08552441745996475,0.9984615445137024,0.16751624643802643,0.9824561476707458,9.999999747378752e-05
357,0.08606524020433426,1.0,0.16755111515522003,0.9824561476707458,9.999999747378752e-05
358,0.08668654412031174,1.0,0.16753439605236053,0.9824561476707458,9.999999747378752e-05
359,0.08839592337608337,1.0,0.1679638922214508,0.9824561476707458,9.999999747378752e-05
360,0.09563343226909637,0.9969230890274048,0.16605329513549805,0.9824561476707458,9.999999747378752e-05
361,0.09286890923976898,0.9969230890274048,0.16653423011302948,0.9824561476707458,9.999999747378752e-05
362,0.10320314019918442,0.9969230890274048,0.16516241431236267,0.9824561476707458,9.999999747378752e-05
363,0.08871569484472275,1.0,0.16516074538230896,0.9824561476707458,9.999999747378752e-05
364,0.08524835854768753,1.0,0.1652013510465622,0.9824561476707458,9.999999747378752e-05
365,0.08879725635051727,1.0,0.1649778038263321,0.9824561476707458,9.999999747378752e-05
366,0.09672365337610245,0.9984615445137024,0.16478364169597626,0.9824561476707458,9.999999747378752e-05
367,0.09278663992881775,1.0,0.16517505049705505,0.9824561476707458,9.999999747378752e-05
368,0.09919098019599915,0.9953846335411072,0.16536945104599,0.9824561476707458,9.999999747378752e-05
369,0.09237304329872131,0.9984615445137024,0.16560328006744385,0.9824561476707458,9.999999747378752e-05
370,0.10091322660446167,0.9953846335411072,0.16508980095386505,0.9824561476707458,9.999999747378752e-05
371,0.0850209891796112,1.0,0.16558516025543213,0.9824561476707458,9.999999747378752e-05
372,0.09245061129331589,1.0,0.16550253331661224,0.9824561476707458,9.999999747378752e-05
373,0.10725431889295578,0.9953846335411072,0.1649937927722931,0.9824561476707458,9.999999747378752e-05
374,0.08864402770996094,0.9984615445137024,0.16498087346553802,0.9824561476707458,9.999999747378752e-05
375,0.08752831071615219,0.9984615445137024,0.16550368070602417,0.9824561476707458,9.999999747378752e-05
376,0.08800704777240753,0.9969230890274048,0.16517987847328186,0.9824561476707458,9.999999747378752e-05
377,0.10177065432071686,0.9984615445137024,0.1655174195766449,0.9824561476707458,9.999999747378752e-05
378,0.08773492276668549,1.0,0.16580766439437866,0.9824561476707458,9.999999747378752e-05
379,0.11140721291303635,0.9953846335411072,0.16575905680656433,0.9824561476707458,9.999999747378752e-05
380,0.09695013612508774,0.9984615445137024,0.1655447781085968,0.9824561476707458,9.999999747378752e-05
381,0.09125027805566788,1.0,0.16540272533893585,0.9824561476707458,9.999999747378752e-05
382,0.10045882314443588,0.9969230890274048,0.16573289036750793,0.9824561476707458,9.999999747378752e-05
383,0.08991090953350067,0.9984615445137024,0.16530168056488037,0.9824561476707458,9.999999747378752e-05
384,0.08789021521806717,0.9969230890274048,0.16537003219127655,0.9824561476707458,9.999999747378752e-05
385,0.10171753168106079,0.9969230890274048,0.16471795737743378,0.9824561476707458,9.999999747378752e-05
386,0.09589969366788864,0.9953846335411072,0.16453967988491058,0.9824561476707458,9.999999747378752e-05
387,0.10074876248836517,0.9969230890274048,0.16392426192760468,0.9824561476707458,9.999999747378752e-05
388,0.09334543347358704,0.9969230890274048,0.1640879362821579,0.9824561476707458,9.999999747378752e-05
389,0.10226824134588242,0.9969230890274048,0.16422122716903687,0.9824561476707458,9.999999747378752e-05
390,0.09046448767185211,0.9985119104385376,0.16400127112865448,0.9824561476707458,9.999999747378752e-05
391,0.09001389145851135,1.0,0.1645474135875702,0.9824561476707458,9.999999747378752e-05
392,0.0987606942653656,0.9969230890274048,0.16395294666290283,0.9824561476707458,9.999999747378752e-05
393,0.10220968723297119,0.9969230890274048,0.16463534533977509,0.9824561476707458,9.999999747378752e-05
394,0.08988119661808014,1.0,0.16522417962551117,0.9824561476707458,9.999999747378752e-05
395,0.10905507206916809,0.9953846335411072,0.16573162376880646,0.9824561476707458,9.999999747378752e-05
396,0.1013842448592186,0.9984615445137024,0.16519998013973236,0.9824561476707458,9.999999747378752e-05
397,0.08865118771791458,0.9984615445137024,0.16561345756053925,0.9824561476707458,9.999999747378752e-05
398,0.09992087632417679,0.9984615445137024,0.16460733115673065,0.9824561476707458,9.999999747378752e-05
399,0.1003463864326477,0.9969230890274048,0.1642034500837326,0.9824561476707458,9.999999747378752e-05
400,0.09875614941120148,0.9953846335411072,0.16451478004455566,0.9824561476707458,9.999999747378752e-05
401,0.0884876623749733,1.0,0.16464214026927948,0.9824561476707458,9.999999747378752e-05
402,0.09205689281225204,0.9984615445137024,0.1643691509962082,0.9824561476707458,9.999999747378752e-05
403,0.0866578221321106,1.0,0.16398830711841583,0.9824561476707458,9.999999747378752e-05
404,0.09304600954055786,1.0,0.16378185153007507,0.9824561476707458,9.999999747378752e-05
405,0.10326160490512848,0.9969230890274048,0.162711963057518,0.9824561476707458,9.999999747378752e-05
406,0.09595159441232681,0.9969230890274048,0.16241979598999023,0.9824561476707458,9.999999747378752e-05
407,0.09553343802690506,1.0,0.1632203906774521,0.9824561476707458,9.999999747378752e-05
408,0.08920927345752716,0.9984615445137024,0.16333547234535217,0.9824561476707458,9.999999747378752e-05
409,0.09507189691066742,0.9984615445137024,0.1633845865726471,0.9824561476707458,9.999999747378752e-05
410,0.10159112513065338,0.9938461780548096,0.1640903353691101,0.9824561476707458,9.999999747378752e-05
411,0.091981902718544,0.9984615445137024,0.16413390636444092,0.9824561476707458,9.999999747378752e-05
412,0.0897846445441246,0.9984615445137024,0.16364865005016327,0.9824561476707458,9.999999747378752e-05
413,0.08857819437980652,0.9984615445137024,0.16376040875911713,0.9824561476707458,9.999999747378752e-05
414,0.0973663479089737,0.9969230890274048,0.16384552419185638,0.9824561476707458,9.999999747378752e-05
415,0.08538990467786789,1.0,0.1645858883857727,0.9824561476707458,9.999999747378752e-05
416,0.09639295190572739,0.9953846335411072,0.16499771177768707,0.9824561476707458,9.999999747378752e-05
417,0.09334243088960648,0.9984615445137024,0.16450364887714386,0.9824561476707458,9.999999747378752e-05
418,0.09498006105422974,0.9969230890274048,0.16439972817897797,0.9824561476707458,9.999999747378752e-05
419,0.1036411002278328,0.9969230890274048,0.16387556493282318,0.9824561476707458,9.999999747378752e-05
420,0.09183874726295471,0.9984615445137024,0.1636873483657837,0.9824561476707458,9.999999747378752e-05
421,0.10579458624124527,0.9984615445137024,0.1632722169160843,0.9824561476707458,9.999999747378752e-05
422,0.08760032057762146,0.9984615445137024,0.1638733148574829,0.9824561476707458,9.999999747378752e-05
423,0.08410734683275223,1.0,0.1648411750793457,0.9824561476707458,9.999999747378752e-05
424,0.11802199482917786,0.9938461780548096,0.16397979855537415,0.9824561476707458,9.999999747378752e-05
425,0.09499543160200119,0.9953846335411072,0.16369347274303436,0.9824561476707458,9.999999747378752e-05
426,0.09504395723342896,0.9953846335411072,0.1630224734544754,0.9824561476707458,9.999999747378752e-05
427,0.09660220891237259,1.0,0.1627379059791565,0.9824561476707458,9.999999747378752e-05
428,0.09757764637470245,1.0,0.16275809705257416,0.9824561476707458,9.999999747378752e-05
429,0.08602868765592575,1.0,0.16305536031723022,0.9824561476707458,9.999999747378752e-05
430,0.0912863239645958,1.0,0.1626157909631729,0.9824561476707458,9.999999747378752e-05
431,0.09733939170837402,0.9938461780548096,0.1634671688079834,0.9824561476707458,9.999999747378752e-05
432,0.09167223423719406,1.0,0.16316886246204376,0.9824561476707458,9.999999747378752e-05
433,0.10444623231887817,0.9969230890274048,0.16452519595623016,0.9824561476707458,9.999999747378752e-05
434,0.09448635578155518,0.9985119104385376,0.16434769332408905,0.9824561476707458,9.999999747378752e-05
435,0.09118466079235077,0.9969230890274048,0.16424527764320374,0.9824561476707458,9.999999747378752e-05
436,0.10500619560480118,0.9984615445137024,0.16386549174785614,0.9824561476707458,9.999999747378752e-05
437,0.09566771984100342,0.9984615445137024,0.1645907312631607,0.9824561476707458,9.999999747378752e-05
438,0.09461019933223724,0.9953846335411072,0.16438446938991547,0.9824561476707458,9.999999747378752e-05
439,0.09000197798013687,1.0,0.16506840288639069,0.9824561476707458,9.999999747378752e-05
440,0.09546225517988205,0.9953846335411072,0.16527217626571655,0.9824561476707458,9.999999747378752e-05
441,0.09113703668117523,0.9984615445137024,0.16509604454040527,0.9824561476707458,9.999999747378752e-05
442,0.09516216069459915,0.9984615445137024,0.16533511877059937,0.9824561476707458,9.999999747378752e-05
443,0.1015414223074913,0.9969230890274048,0.16490088403224945,0.9824561476707458,9.999999747378752e-05
444,0.09047070145606995,0.9984615445137024,0.1645059734582901,0.9824561476707458,9.999999747378752e-05
445,0.09763093292713165,0.9984615445137024,0.16470374166965485,0.9824561476707458,9.999999747378752e-05
446,0.08733770251274109,0.9984615445137024,0.16400499641895294,0.9824561476707458,9.999999747378752e-05
447,0.08991972357034683,1.0,0.16438668966293335,0.9824561476707458,9.999999747378752e-05
448,0.0930127501487732,0.9984615445137024,0.16422191262245178,0.9824561476707458,9.999999747378752e-05
449,0.09686634689569473,0.9969230890274048,0.16395437717437744,0.9824561476707458,9.999999747378752e-05
450,0.10154346376657486,0.9953846335411072,0.1637466847896576,0.9824561476707458,9.999999747378752e-05
451,0.09184785187244415,0.9984615445137024,0.16380740702152252,0.9824561476707458,9.999999747378752e-05
452,0.11457331478595734,0.9984615445137024,0.16410058736801147,0.9824561476707458,9.999999747378752e-05
453,0.10010535269975662,0.9923076629638672,0.1640159636735916,0.9824561476707458,9.999999747378752e-05
454,0.08704724162817001,0.9984615445137024,0.1636962592601776,0.9824561476707458,9.999999747378752e-05
455,0.09372757375240326,0.9969230890274048,0.16649532318115234,0.9824561476707458,9.999999747378752e-05
456,0.10972773283720016,0.9953846335411072,0.16631217300891876,0.9824561476707458,9.999999747378752e-05
457,0.09461035579442978,1.0,0.16664162278175354,0.9824561476707458,9.999999747378752e-05
458,0.09430897980928421,1.0,0.16631127893924713,0.9824561476707458,9.999999747378752e-05
459,0.09147443622350693,0.9969230890274048,0.1668645441532135,0.9824561476707458,9.999999747378752e-05
460,0.10700955986976624,0.9953846335411072,0.16715890169143677,0.9824561476707458,9.999999747378752e-05
461,0.0935736820101738,1.0,0.16729262471199036,0.9824561476707458,9.999999747378752e-05
462,0.09730113297700882,0.9969230890274048,0.16686002910137177,0.9824561476707458,9.999999747378752e-05
463,0.10203241556882858,0.9953846335411072,0.1664315164089203,0.9824561476707458,9.999999747378752e-05
464,0.09008891135454178,0.9984615445137024,0.16675293445587158,0.9824561476707458,9.999999747378752e-05
465,0.11214477568864822,0.9923076629638672,0.16666622459888458,0.9824561476707458,9.999999747378752e-05
466,0.08843765407800674,1.0,0.16686922311782837,0.9824561476707458,9.999999747378752e-05
467,0.10472171753644943,0.9953846335411072,0.16603313386440277,0.9824561476707458,9.999999747378752e-05
468,0.09532501548528671,0.9984615445137024,0.16516318917274475,0.9824561476707458,9.999999747378752e-05
469,0.0973082110285759,0.9969230890274048,0.16517460346221924,0.9824561476707458,9.999999747378752e-05
470,0.10390007495880127,0.9938461780548096,0.1648043841123581,0.9824561476707458,9.999999747378752e-05
471,0.09166132658720016,0.9984615445137024,0.16587522625923157,0.9824561476707458,9.999999747378752e-05
472,0.09902077168226242,0.9984615445137024,0.1662837415933609,0.9824561476707458,9.999999747378752e-05
473,0.09737244248390198,0.9984615445137024,0.16591797769069672,0.9824561476707458,9.999999747378752e-05
474,0.09070996940135956,0.9984615445137024,0.16601680219173431,0.9824561476707458,9.999999747378752e-05
475,0.10459296405315399,0.9969230890274048,0.16524463891983032,0.9824561476707458,9.999999747378752e-05
476,0.11249764263629913,0.9907692074775696,0.16508255898952484,0.9824561476707458,9.999999747378752e-05
477,0.09790399670600891,0.9984615445137024,0.1648470014333725,0.9824561476707458,9.999999747378752e-05
478,0.09305252879858017,0.9969230890274048,0.1654743105173111,0.9824561476707458,9.999999747378752e-05
479,0.0952724888920784,0.9984615445137024,0.16574989259243011,0.9824561476707458,9.999999747378752e-05
480,0.1036309227347374,0.9953846335411072,0.1649591624736786,0.9824561476707458,9.999999747378752e-05
481,0.09774225205183029,0.9953846335411072,0.16463309526443481,0.9824561476707458,9.999999747378752e-05
482,0.0853121280670166,1.0,0.16454344987869263,0.9824561476707458,9.999999747378752e-05
483,0.0868496224284172,1.0,0.16485252976417542,0.9824561476707458,9.999999747378752e-05
484,0.0945863425731659,0.9984615445137024,0.16511321067810059,0.9824561476707458,9.999999747378752e-05
485,0.0916292667388916,1.0,0.16546350717544556,0.9824561476707458,9.999999747378752e-05
486,0.10010562837123871,0.9984615445137024,0.16503164172172546,0.9824561476707458,9.999999747378752e-05
487,0.08854793012142181,0.9984615445137024,0.16528624296188354,0.9824561476707458,9.999999747378752e-05
488,0.0955229327082634,0.9984615445137024,0.16524271667003632,0.9824561476707458,9.999999747378752e-05
489,0.11845815926790237,0.9876922965049744,0.16503891348838806,0.9824561476707458,9.999999747378752e-05
490,0.09752687811851501,0.9984615445137024,0.1646481305360794,0.9824561476707458,9.999999747378752e-05
491,0.09878864884376526,0.9984615445137024,0.16425082087516785,0.9824561476707458,9.999999747378752e-05
492,0.0918692871928215,0.9984615445137024,0.1648639291524887,0.9824561476707458,9.999999747378752e-05
493,0.0868113562464714,0.9984615445137024,0.16554641723632812,0.9824561476707458,9.999999747378752e-05
494,0.09649690985679626,0.9969230890274048,0.165575310587883,0.9824561476707458,9.999999747378752e-05
495,0.09313685446977615,0.9969230890274048,0.16541944444179535,0.9824561476707458,9.999999747378752e-05
496,0.08715169131755829,1.0,0.16590087115764618,0.9824561476707458,9.999999747378752e-05
497,0.0879085510969162,1.0,0.16527211666107178,0.9824561476707458,9.999999747378752e-05
498,0.08393597602844238,1.0,0.16561093926429749,0.9824561476707458,9.999999747378752e-05
499,0.08978882431983948,0.9984615445137024,0.16594932973384857,0.9824561476707458,9.999999747378752e-05
