,loss,accuracy,val_loss,val_accuracy,lr
0,1.5718028545379639,0.3754098415374756,1.3634320497512817,0.4385964870452881,0.009999999776482582
1,0.9742180705070496,0.6180328130722046,1.543583869934082,0.3625730872154236,0.009999999776482582
2,0.7370772361755371,0.7016393542289734,1.5777606964111328,0.3801169693470001,0.009999999776482582
3,0.5380415320396423,0.7934426069259644,1.6548289060592651,0.3684210479259491,0.009999999776482582
4,0.3855956494808197,0.8515625,2.1015431880950928,0.3040935695171356,0.009999999776482582
5,0.334041953086853,0.8852459192276001,2.202754259109497,0.2982456088066101,0.009999999776482582
6,0.2189052700996399,0.922950804233551,3.0194966793060303,0.28654971718788147,0.009999999776482582
7,0.2079336941242218,0.9196721315383911,3.3657779693603516,0.2514619827270508,0.009999999776482582
8,0.17427922785282135,0.94590163230896,3.374645948410034,0.2514619827270508,0.009999999776482582
9,0.15307049453258514,0.9393442869186401,3.612056255340576,0.27485379576683044,0.009999999776482582
10,0.14764268696308136,0.9557377099990845,3.560194253921509,0.2573099434375763,0.009999999776482582
11,0.10349591821432114,0.9671875238418579,4.863114356994629,0.2573099434375763,0.009999999776482582
12,0.11324899643659592,0.9622950553894043,4.050200939178467,0.23976607620716095,0.009999999776482582
13,0.10185420513153076,0.9704918265342712,4.067721366882324,0.2573099434375763,0.009999999776482582
14,0.09664572775363922,0.9639344215393066,4.04301643371582,0.2923976480960846,0.009999999776482582
15,0.1059238389134407,0.9606557488441467,5.2682576179504395,0.3684210479259491,0.009999999776482582
16,0.06862066686153412,0.9786885380744934,4.985995769500732,0.35672515630722046,0.009999999776482582
17,0.04834582284092903,0.9836065769195557,4.87191104888916,0.4035087823867798,0.009999999776482582
18,0.06258451193571091,0.980327844619751,7.364049911499023,0.28654971718788147,0.009999999776482582
19,0.08167415112257004,0.9754098653793335,4.677897930145264,0.3742690086364746,0.009999999776482582
20,0.06383182108402252,0.9737704992294312,5.9673075675964355,0.3801169693470001,0.009999999776482582
21,0.055713120847940445,0.9901639223098755,5.336763381958008,0.42105263471603394,0.009999999776482582
22,0.039687786251306534,0.9859374761581421,5.732625484466553,0.35087719559669495,0.009999999776482582
23,0.038858480751514435,0.9885246157646179,8.2940092086792,0.28070175647735596,0.009999999776482582
24,0.04270855337381363,0.9836065769195557,7.527229309082031,0.30994153022766113,0.009999999776482582
25,0.054310139268636703,0.9901639223098755,7.662927627563477,0.2923976480960846,0.009999999776482582
26,0.06309682130813599,0.9770491719245911,6.8636794090271,0.30994153022766113,0.009999999776482582
27,0.16820873320102692,0.9557377099990845,6.301010608673096,0.2982456088066101,0.009999999776482582
28,0.12005812674760818,0.9557377099990845,7.553979873657227,0.28654971718788147,0.009999999776482582
29,0.06891182065010071,0.9704918265342712,10.766761779785156,0.28654971718788147,0.009999999776482582
30,0.0657280683517456,0.9786885380744934,7.94257116317749,0.28654971718788147,0.009999999776482582
31,0.033312033861875534,0.9859374761581421,6.55320405960083,0.3274853825569153,0.009999999776482582
32,0.024917442351579666,0.9967213273048401,5.761837959289551,0.3625730872154236,0.009999999776482582
33,0.010866337455809116,0.9967213273048401,6.209768772125244,0.3391812741756439,0.009999999776482582
34,0.0520818755030632,0.9819672107696533,4.8958024978637695,0.38596490025520325,0.009999999776482582
35,0.024283427745103836,0.9934425950050354,3.590221405029297,0.4444444477558136,0.009999999776482582
36,0.03283725306391716,0.9852458834648132,3.5985329151153564,0.46198830008506775,0.009999999776482582
37,0.011933575384318829,0.9967213273048401,4.576132297515869,0.35672515630722046,0.009999999776482582
38,0.015215839259326458,0.9934425950050354,5.32638692855835,0.34502923488616943,0.009999999776482582
39,0.016199463978409767,0.9950819611549377,6.432469367980957,0.3040935695171356,0.009999999776482582
40,0.025340421125292778,0.9918032884597778,7.505444049835205,0.2514619827270508,0.009999999776482582
41,0.03667081147432327,0.9885246157646179,7.877869129180908,0.27485379576683044,0.009999999776482582
42,0.031946100294589996,0.9918032884597778,9.166259765625,0.27485379576683044,0.009999999776482582
43,0.01442253589630127,0.9967213273048401,9.056673049926758,0.27485379576683044,0.009999999776482582
44,0.01692231371998787,0.9950819611549377,6.067357063293457,0.34502923488616943,0.009999999776482582
45,0.07629679143428802,0.9868852496147156,5.794172286987305,0.31578946113586426,0.009999999776482582
46,0.05542103573679924,0.9852458834648132,5.7603583335876465,0.3274853825569153,0.009999999776482582
47,0.03366315737366676,0.9885246157646179,6.842976093292236,0.3040935695171356,0.009999999776482582
48,0.027102774009108543,0.9901639223098755,10.238592147827148,0.2514619827270508,0.009999999776482582
49,0.023947054520249367,0.9868852496147156,10.540504455566406,0.2631579041481018,0.009999999776482582
50,0.03349350020289421,0.9950819611549377,11.123291969299316,0.24561403691768646,0.009999999776482582
51,0.06552113592624664,0.980327844619751,10.346216201782227,0.24561403691768646,0.0009999999310821295
52,0.07914680987596512,0.9704918265342712,8.508779525756836,0.3040935695171356,0.0009999999310821295
53,0.019169870764017105,0.9934425950050354,7.681643962860107,0.30994153022766113,0.0009999999310821295
54,0.022668883204460144,0.9901639223098755,7.164384365081787,0.3274853825569153,0.0009999999310821295
55,0.03580913320183754,0.9836065769195557,6.823486804962158,0.3391812741756439,0.0009999999310821295
56,0.019442163407802582,0.9950819611549377,6.484886169433594,0.3391812741756439,0.0009999999310821295
57,0.020656775683164597,0.9967213273048401,6.47248649597168,0.3391812741756439,0.0009999999310821295
58,0.006951440125703812,0.9983606338500977,6.436546325683594,0.3391812741756439,0.0009999999310821295
59,0.004577259998768568,1.0,6.469760894775391,0.3391812741756439,0.0009999999310821295
60,0.0064353058114647865,1.0,6.472226619720459,0.3391812741756439,0.0009999999310821295
61,0.007637554779648781,0.9983606338500977,6.53517484664917,0.3391812741756439,0.0009999999310821295
62,0.01915621943771839,0.9967213273048401,6.329783916473389,0.3333333432674408,0.0009999999310821295
63,0.011418843641877174,0.9950819611549377,5.921451091766357,0.35087719559669495,0.0009999999310821295
64,0.017051445320248604,0.9950819611549377,5.834072589874268,0.35087719559669495,0.0009999999310821295
65,0.0040992931462824345,1.0,5.804629325866699,0.3625730872154236,0.0009999999310821295
66,0.009542519226670265,0.9967213273048401,5.743505001068115,0.3684210479259491,0.0009999999310821295
67,0.006886631716042757,0.9983606338500977,5.646248817443848,0.3684210479259491,0.0009999999310821295
68,0.0023658862337470055,1.0,5.544611930847168,0.3684210479259491,0.0009999999310821295
69,0.00949418731033802,0.9967213273048401,5.466269493103027,0.38596490025520325,0.0009999999310821295
70,0.004670813214033842,1.0,5.303852081298828,0.3976608216762543,0.0009999999310821295
71,0.0025235482025891542,1.0,5.158029079437256,0.4035087823867798,0.0009999999310821295
72,0.003024904988706112,1.0,5.054154396057129,0.4093567132949829,0.0009999999310821295
73,0.0023252132814377546,1.0,4.964593410491943,0.4152046740055084,0.0009999999310821295
74,0.001441843924112618,1.0,4.876338481903076,0.42105263471603394,0.0009999999310821295
75,0.0036930714268237352,0.9983606338500977,4.752893447875977,0.42105263471603394,0.0009999999310821295
76,0.014028639532625675,0.9934425950050354,4.566086769104004,0.4385964870452881,0.0009999999310821295
77,0.004653817508369684,0.9983606338500977,4.536748886108398,0.4327485263347626,0.0009999999310821295
78,0.002314589451998472,1.0,4.5315961837768555,0.42690059542655945,0.0009999999310821295
79,0.0019023619825020432,1.0,4.454397201538086,0.4385964870452881,0.0009999999310821295
80,0.0015693940222263336,1.0,4.373317718505859,0.4385964870452881,0.0009999999310821295
81,0.006096415221691132,0.9983606338500977,4.242411136627197,0.4444444477558136,0.0009999999310821295
82,0.0037120943889021873,0.9983606338500977,4.148746967315674,0.46783626079559326,0.0009999999310821295
83,0.005493931472301483,0.9967213273048401,3.9917256832122803,0.4736842215061188,0.0009999999310821295
84,0.005328614264726639,0.9983606338500977,3.973680257797241,0.4736842215061188,0.0009999999310821295
85,0.0035067014396190643,1.0,3.8649888038635254,0.4736842215061188,0.0009999999310821295
86,0.0031014825217425823,1.0,3.6904635429382324,0.4912280738353729,0.0009999999310821295
87,0.0017546589951962233,1.0,3.58321475982666,0.49707603454589844,0.0009999999310821295
88,0.002755662426352501,1.0,3.471015453338623,0.49707603454589844,0.0009999999310821295
89,0.0013444380601868033,1.0,3.3435821533203125,0.49707603454589844,0.0009999999310821295
90,0.0010976557387039065,1.0,3.255519151687622,0.49707603454589844,0.0009999999310821295
91,0.0026071115862578154,1.0,3.1745569705963135,0.5029239654541016,0.0009999999310821295
92,0.0013810296077281237,1.0,3.0822439193725586,0.5087719559669495,0.0009999999310821295
93,0.002047940855845809,1.0,2.971055507659912,0.5204678177833557,0.0009999999310821295
94,0.003472194541245699,0.9983606338500977,2.9443199634552,0.5204678177833557,0.0009999999310821295
95,0.0036976791452616453,1.0,2.8512542247772217,0.5380116701126099,0.0009999999310821295
96,0.0014679731102660298,1.0,2.752121925354004,0.5497075915336609,0.0009999999310821295
97,0.0018959742737933993,1.0,2.6504757404327393,0.5555555820465088,0.0009999999310821295
98,0.003219428937882185,1.0,2.5323164463043213,0.567251443862915,0.0009999999310821295
99,0.0017297924496233463,1.0,2.2979726791381836,0.5964912176132202,0.0009999999310821295
100,0.0008326290408149362,1.0,2.12715482711792,0.6081871390342712,0.0009999999310821295
101,0.0016641441034153104,1.0,2.026386260986328,0.6257309913635254,9.99999901978299e-05
102,0.0028276732191443443,1.0,1.9541758298873901,0.6257309913635254,9.99999901978299e-05
103,0.0008903001435101032,1.0,1.8884882926940918,0.6374269127845764,9.99999901978299e-05
104,0.0013377955183386803,1.0,1.827743649482727,0.6432748436927795,9.99999901978299e-05
105,0.0064615532755851746,0.9984375238418579,1.7743635177612305,0.6432748436927795,9.99999901978299e-05
106,0.0032092751935124397,1.0,1.7201707363128662,0.6549707651138306,9.99999901978299e-05
107,0.002638799138367176,1.0,1.6661814451217651,0.6549707651138306,9.99999901978299e-05
108,0.0020040504168719053,1.0,1.6166342496871948,0.6608186960220337,9.99999901978299e-05
109,0.0010672970674932003,1.0,1.5682624578475952,0.6783625483512878,9.99999901978299e-05
110,0.003783555468544364,0.9983606338500977,1.5205329656600952,0.6900584697723389,9.99999901978299e-05
111,0.010885997675359249,0.9983606338500977,1.4863290786743164,0.6959064602851868,9.99999901978299e-05
112,0.001731031690724194,1.0,1.4468047618865967,0.6959064602851868,9.99999901978299e-05
113,0.004254915285855532,0.9983606338500977,1.4078078269958496,0.7017543911933899,9.99999901978299e-05
114,0.00307503342628479,1.0,1.3675823211669922,0.7134503126144409,9.99999901978299e-05
115,0.002077594166621566,1.0,1.3308902978897095,0.7134503126144409,9.99999901978299e-05
116,0.0015835607191547751,1.0,1.296163558959961,0.7368420958518982,9.99999901978299e-05
117,0.0016237489180639386,1.0,1.2618119716644287,0.7426900863647461,9.99999901978299e-05
118,0.0015116011491045356,1.0,1.228914499282837,0.7426900863647461,9.99999901978299e-05
119,0.001364174415357411,1.0,1.1967164278030396,0.7543859481811523,9.99999901978299e-05
120,0.0010579741792753339,1.0,1.1655751466751099,0.7543859481811523,9.99999901978299e-05
121,0.003459497820585966,1.0,1.135797142982483,0.7660818696022034,9.99999901978299e-05
122,0.0016469875117763877,1.0,1.1075592041015625,0.7719298005104065,9.99999901978299e-05
123,0.010141496546566486,0.9983606338500977,1.0667535066604614,0.7777777910232544,9.99999901978299e-05
124,0.006428469438105822,0.9983606338500977,1.0374289751052856,0.7836257219314575,9.99999901978299e-05
125,0.002143176971003413,1.0,1.0081204175949097,0.7836257219314575,9.99999901978299e-05
126,0.005025894846767187,0.9983606338500977,0.9806413054466248,0.7894737124443054,9.99999901978299e-05
127,0.0013132053427398205,1.0,0.9550054669380188,0.7953216433525085,9.99999901978299e-05
128,0.0007010911940596998,1.0,0.9306802749633789,0.7953216433525085,9.99999901978299e-05
129,0.0008695211727172136,1.0,0.9069399237632751,0.8070175647735596,9.99999901978299e-05
130,0.0022929448168724775,1.0,0.8839269876480103,0.8128654956817627,9.99999901978299e-05
131,0.002532415324822068,1.0,0.8623738288879395,0.8245614171028137,9.99999901978299e-05
132,0.0037014633417129517,0.9983606338500977,0.8419908881187439,0.8245614171028137,9.99999901978299e-05
133,0.0014525150181725621,1.0,0.8220739364624023,0.8245614171028137,9.99999901978299e-05
134,0.0016946335090324283,1.0,0.8021025061607361,0.8304093480110168,9.99999901978299e-05
135,0.0016333793755620718,1.0,0.7832579016685486,0.8362573385238647,9.99999901978299e-05
136,0.0024851809721440077,0.9983606338500977,0.7618137001991272,0.8362573385238647,9.99999901978299e-05
137,0.0012680906802415848,1.0,0.7433467507362366,0.8362573385238647,9.99999901978299e-05
138,0.0013354349648579955,1.0,0.7283281087875366,0.8421052694320679,9.99999901978299e-05
139,0.001457955571822822,1.0,0.7127737998962402,0.8421052694320679,9.99999901978299e-05
140,0.003898024093359709,0.9967213273048401,0.6949433088302612,0.8421052694320679,9.99999901978299e-05
141,0.0011460795067250729,1.0,0.6766019463539124,0.847953200340271,9.99999901978299e-05
142,0.008829638361930847,0.9983606338500977,0.6615952253341675,0.8538011908531189,9.99999901978299e-05
143,0.0011264970526099205,1.0,0.6479492783546448,0.8538011908531189,9.99999901978299e-05
144,0.002354922005906701,0.9983606338500977,0.639571487903595,0.8538011908531189,9.99999901978299e-05
145,0.0053078895434737206,0.9984375238418579,0.6353583931922913,0.859649121761322,9.99999901978299e-05
146,0.0027581716421991587,1.0,0.6272957921028137,0.859649121761322,9.99999901978299e-05
147,0.0011839261278510094,1.0,0.6155715584754944,0.8654970526695251,9.99999901978299e-05
148,0.0006711166352033615,1.0,0.6037376523017883,0.8654970526695251,9.99999901978299e-05
149,0.0095964465290308,0.9983606338500977,0.6008535027503967,0.8654970526695251,9.99999901978299e-05
150,0.0030711700674146414,0.9984375238418579,0.591617226600647,0.8654970526695251,9.99999901978299e-05
151,0.0009401164134033024,1.0,0.5805567502975464,0.8654970526695251,9.99999901978299e-05
152,0.002675046445801854,1.0,0.5681143403053284,0.871345043182373,9.99999901978299e-05
153,0.0014956612139940262,1.0,0.5558590292930603,0.8771929740905762,9.99999901978299e-05
154,0.003542370395734906,0.9983606338500977,0.5442041158676147,0.8771929740905762,9.99999901978299e-05
155,0.0021581139881163836,1.0,0.5333435535430908,0.8771929740905762,9.99999901978299e-05
156,0.00420829001814127,1.0,0.5229945182800293,0.8771929740905762,9.99999901978299e-05
157,0.0011646163184195757,1.0,0.5124897360801697,0.8771929740905762,9.99999901978299e-05
158,0.001615581102669239,1.0,0.5028129816055298,0.8771929740905762,9.99999901978299e-05
159,0.0007162654655985534,1.0,0.4931700825691223,0.8771929740905762,9.99999901978299e-05
160,0.0011845199624076486,1.0,0.4833833575248718,0.8771929740905762,9.99999901978299e-05
161,0.0013002138584852219,1.0,0.47388970851898193,0.8771929740905762,9.99999901978299e-05
162,0.0006867164629511535,1.0,0.46470630168914795,0.8830409646034241,9.99999901978299e-05
163,0.0010351118398830295,1.0,0.4560679793357849,0.8888888955116272,9.99999901978299e-05
164,0.0010012106504291296,1.0,0.44834426045417786,0.8888888955116272,9.99999901978299e-05
165,0.011958440765738487,0.9967213273048401,0.44328373670578003,0.8888888955116272,9.99999901978299e-05
166,0.003829785156995058,0.9983606338500977,0.43902257084846497,0.8947368264198303,9.99999901978299e-05
167,0.0005235470016486943,1.0,0.43321263790130615,0.8947368264198303,9.99999901978299e-05
168,0.001499646925367415,1.0,0.4260612726211548,0.8947368264198303,9.99999901978299e-05
169,0.006808650679886341,0.9983606338500977,0.4200660288333893,0.8947368264198303,9.99999901978299e-05
170,0.0008207365171983838,1.0,0.4135221838951111,0.9005848169326782,9.99999901978299e-05
171,0.0033205936197191477,0.9983606338500977,0.40416455268859863,0.9005848169326782,9.99999901978299e-05
172,0.0015068750362843275,1.0,0.3966117203235626,0.9005848169326782,9.99999901978299e-05
173,0.0015956494025886059,1.0,0.38981392979621887,0.9005848169326782,9.99999901978299e-05
174,0.0023302107583731413,1.0,0.3835476338863373,0.9064327478408813,9.99999901978299e-05
175,0.0015747122233733535,1.0,0.3789199888706207,0.9064327478408813,9.99999901978299e-05
176,0.005010093096643686,0.9983606338500977,0.37173980474472046,0.9122806787490845,9.99999901978299e-05
177,0.006533066742122173,0.9983606338500977,0.3631051480770111,0.9122806787490845,9.99999901978299e-05
178,0.00290167098864913,1.0,0.3576296865940094,0.9181286692619324,9.99999901978299e-05
179,0.0021225132513791323,1.0,0.35304099321365356,0.9181286692619324,9.99999901978299e-05
180,0.002921509090811014,1.0,0.3512437343597412,0.9181286692619324,9.99999901978299e-05
181,0.0014666352653875947,1.0,0.34849458932876587,0.9181286692619324,9.99999901978299e-05
182,0.0012727435678243637,1.0,0.3443942368030548,0.9181286692619324,9.99999901978299e-05
183,0.0024118830915540457,1.0,0.3400542140007019,0.9181286692619324,9.99999901978299e-05
184,0.0013275701785460114,1.0,0.3346405625343323,0.9181286692619324,9.99999901978299e-05
185,0.003149512456730008,0.9983606338500977,0.3263913094997406,0.9181286692619324,9.99999901978299e-05
186,0.004133162088692188,0.9983606338500977,0.3143954277038574,0.9239766001701355,9.99999901978299e-05
187,0.0013663785066455603,1.0,0.3057553768157959,0.9239766001701355,9.99999901978299e-05
188,0.0007781237945891917,1.0,0.29944199323654175,0.9181286692619324,9.99999901978299e-05
189,0.0014963975409045815,1.0,0.2944193482398987,0.9181286692619324,9.99999901978299e-05
190,0.0004450914275366813,1.0,0.2898339033126831,0.9181286692619324,9.99999901978299e-05
191,0.0014562086435034871,1.0,0.28525665402412415,0.9181286692619324,9.99999901978299e-05
192,0.0011606484185904264,1.0,0.281008243560791,0.9239766001701355,9.99999901978299e-05
193,0.0008791843429207802,1.0,0.27740004658699036,0.9239766001701355,9.99999901978299e-05
194,0.0020680201705545187,1.0,0.2736847996711731,0.9239766001701355,9.99999901978299e-05
195,0.0013043598737567663,1.0,0.26981809735298157,0.9239766001701355,9.99999901978299e-05
196,0.0012682481901720166,1.0,0.26644864678382874,0.9239766001701355,9.99999901978299e-05
197,0.0007445462397299707,1.0,0.26299992203712463,0.9239766001701355,9.99999901978299e-05
198,0.002363590057939291,0.9983606338500977,0.26089927554130554,0.9239766001701355,9.99999901978299e-05
199,0.0011461364338174462,1.0,0.2586725056171417,0.9298245906829834,9.99999901978299e-05
200,0.0005288554239086807,1.0,0.25625813007354736,0.9298245906829834,9.99999901978299e-05
201,0.0010594740742817521,1.0,0.25401559472084045,0.9298245906829834,9.99999901978299e-05
202,0.0008727732347324491,1.0,0.2515873312950134,0.9298245906829834,9.99999901978299e-05
203,0.0011401635129004717,1.0,0.24925504624843597,0.9298245906829834,9.99999901978299e-05
204,0.0012541001196950674,1.0,0.2465243935585022,0.9298245906829834,9.99999901978299e-05
205,0.005957079119980335,0.9983606338500977,0.24476008117198944,0.9298245906829834,9.99999901978299e-05
206,0.00078958785161376,1.0,0.2425459325313568,0.9298245906829834,9.99999901978299e-05
207,0.0016979750944301486,1.0,0.23995110392570496,0.9298245906829834,9.99999901978299e-05
208,0.0011031682370230556,1.0,0.23712480068206787,0.9298245906829834,9.99999901978299e-05
209,0.001247871434316039,1.0,0.23459351062774658,0.9298245906829834,9.99999901978299e-05
210,0.002165081910789013,1.0,0.23202459514141083,0.9298245906829834,9.99999901978299e-05
211,0.0016882431227713823,1.0,0.22951412200927734,0.9298245906829834,9.99999901978299e-05
212,0.0010571206221356988,1.0,0.22687208652496338,0.9298245906829834,9.99999901978299e-05
213,0.003258365672081709,1.0,0.22395454347133636,0.9298245906829834,9.99999901978299e-05
214,0.0032586113084107637,0.9983606338500977,0.22108355164527893,0.9298245906829834,9.99999901978299e-05
215,0.0006470595253631473,1.0,0.21827687323093414,0.9298245906829834,9.99999901978299e-05
216,0.0012820871779695153,1.0,0.21538472175598145,0.9298245906829834,9.99999901978299e-05
217,0.0012626597890630364,1.0,0.2126554697751999,0.9298245906829834,9.99999901978299e-05
218,0.0021226108074188232,1.0,0.2102745920419693,0.9415204524993896,9.99999901978299e-05
219,0.002155776834115386,1.0,0.20860935747623444,0.9415204524993896,9.99999901978299e-05
220,0.0021577675361186266,1.0,0.20681197941303253,0.9415204524993896,9.99999901978299e-05
221,0.002283222507685423,1.0,0.20476222038269043,0.9415204524993896,9.99999901978299e-05
222,0.0013194485800340772,1.0,0.20274631679058075,0.9415204524993896,9.99999901978299e-05
223,0.001871704705990851,1.0,0.20071280002593994,0.9415204524993896,9.99999901978299e-05
224,0.0015277713537216187,1.0,0.19808830320835114,0.9415204524993896,9.99999901978299e-05
225,0.0006944500491954386,1.0,0.19535747170448303,0.9415204524993896,9.99999901978299e-05
226,0.0018780772807076573,1.0,0.19228413701057434,0.9415204524993896,9.99999901978299e-05
227,0.0017705000936985016,1.0,0.18939650058746338,0.9473684430122375,9.99999901978299e-05
228,0.0011437005596235394,1.0,0.1866217851638794,0.9473684430122375,9.99999901978299e-05
229,0.0005364613025449216,1.0,0.18399852514266968,0.9473684430122375,9.99999901978299e-05
230,0.002926102839410305,1.0,0.1815982311964035,0.9473684430122375,9.99999901978299e-05
231,0.0010147280991077423,1.0,0.17907211184501648,0.9473684430122375,9.99999901978299e-05
232,0.0012916864361613989,1.0,0.17689292132854462,0.9473684430122375,9.99999901978299e-05
233,0.0011196713894605637,1.0,0.1748039722442627,0.9473684430122375,9.99999901978299e-05
234,0.0015656802570447326,1.0,0.1730831116437912,0.9532163739204407,9.99999901978299e-05
235,0.0015512641984969378,1.0,0.17104610800743103,0.9532163739204407,9.99999901978299e-05
236,0.0012489424552768469,1.0,0.1692570298910141,0.9532163739204407,9.99999901978299e-05
237,0.0010822364129126072,1.0,0.1674393266439438,0.9590643048286438,9.99999901978299e-05
238,0.00543186767026782,0.9983606338500977,0.1654997617006302,0.9590643048286438,9.99999901978299e-05
239,0.000834709033370018,1.0,0.16368316113948822,0.9590643048286438,9.99999901978299e-05
240,0.0024493017699569464,0.9983606338500977,0.1612737625837326,0.9590643048286438,9.99999901978299e-05
241,0.0014068749733269215,1.0,0.15954279899597168,0.9590643048286438,9.99999901978299e-05
242,0.0006134859286248684,1.0,0.15815448760986328,0.9590643048286438,9.99999901978299e-05
243,0.0008943194407038391,1.0,0.15676182508468628,0.9590643048286438,9.99999901978299e-05
244,0.005734626669436693,0.9983606338500977,0.15574097633361816,0.9590643048286438,9.99999901978299e-05
245,0.0026119579561054707,1.0,0.15469658374786377,0.9590643048286438,9.99999901978299e-05
246,0.001258022035472095,1.0,0.15381751954555511,0.9590643048286438,9.99999901978299e-05
247,0.001957421889528632,1.0,0.15294288098812103,0.9590643048286438,9.99999901978299e-05
248,0.0033121593296527863,0.9983606338500977,0.1518353968858719,0.9590643048286438,9.99999901978299e-05
249,0.0020709361415356398,1.0,0.14997804164886475,0.9590643048286438,9.99999901978299e-05
250,0.002530942438170314,1.0,0.1483624279499054,0.9590643048286438,9.99999901978299e-05
251,0.0011678001610562205,1.0,0.14704866707324982,0.9590643048286438,9.99999901978299e-05
252,0.0016044320072978735,1.0,0.14586935937404633,0.9590643048286438,9.99999901978299e-05
253,0.0013133843895047903,1.0,0.14466631412506104,0.9590643048286438,9.99999901978299e-05
254,0.002691894304007292,1.0,0.14363034069538116,0.9590643048286438,9.99999901978299e-05
255,0.0025831381790339947,1.0,0.14225350320339203,0.9590643048286438,9.99999901978299e-05
256,0.0008003624971024692,1.0,0.14103883504867554,0.9590643048286438,9.99999901978299e-05
257,0.0008061411208473146,1.0,0.1401066780090332,0.9590643048286438,9.99999901978299e-05
258,0.0023965707514435053,0.9983606338500977,0.13914762437343597,0.9590643048286438,9.99999901978299e-05
259,0.000995164504274726,1.0,0.1382279098033905,0.9590643048286438,9.99999901978299e-05
260,0.0029439476784318686,0.9983606338500977,0.13763247430324554,0.9590643048286438,9.99999901978299e-05
261,0.0006626915419474244,1.0,0.13683593273162842,0.9590643048286438,9.99999901978299e-05
262,0.0018035613466054201,1.0,0.13569992780685425,0.9590643048286438,9.99999901978299e-05
263,0.0029743234626948833,0.9983606338500977,0.13544225692749023,0.9590643048286438,9.99999901978299e-05
264,0.0015618609031662345,1.0,0.13454972207546234,0.9590643048286438,9.99999901978299e-05
265,0.002144605852663517,1.0,0.13372166454792023,0.9590643048286438,9.99999901978299e-05
266,0.0009005327592603862,1.0,0.1327642798423767,0.9590643048286438,9.99999901978299e-05
267,0.006961106322705746,0.9983606338500977,0.1317296028137207,0.9590643048286438,9.99999901978299e-05
268,0.0013141627423465252,1.0,0.13036441802978516,0.9590643048286438,9.99999901978299e-05
269,0.0016676890663802624,1.0,0.1294773668050766,0.9590643048286438,9.99999901978299e-05
270,0.0008708465029485524,1.0,0.12870866060256958,0.9590643048286438,9.99999901978299e-05
271,0.0024021051358431578,0.9983606338500977,0.12803183495998383,0.9590643048286438,9.99999901978299e-05
272,0.0014699442544952035,1.0,0.1273331493139267,0.9649122953414917,9.99999901978299e-05
273,0.0018742409301921725,1.0,0.12681874632835388,0.9649122953414917,9.99999901978299e-05
274,0.0011552120558917522,1.0,0.1261865347623825,0.9649122953414917,9.99999901978299e-05
275,0.002746374811977148,1.0,0.12550102174282074,0.9649122953414917,9.99999901978299e-05
276,0.0010553955798968673,1.0,0.12471666187047958,0.9649122953414917,9.99999901978299e-05
277,0.0005781109211966395,1.0,0.12396744638681412,0.9649122953414917,9.99999901978299e-05
278,0.002194618806242943,1.0,0.12320404499769211,0.9649122953414917,9.99999901978299e-05
279,0.0033513307571411133,0.9983606338500977,0.12273436039686203,0.9649122953414917,9.99999901978299e-05
280,0.001160015002824366,1.0,0.12217505276203156,0.9649122953414917,9.99999901978299e-05
281,0.002424136968329549,1.0,0.12151511758565903,0.9649122953414917,9.99999901978299e-05
282,0.0053917961195111275,0.9983606338500977,0.12101572751998901,0.9649122953414917,9.99999901978299e-05
283,0.0005933123757131398,1.0,0.12055974453687668,0.9649122953414917,9.99999901978299e-05
284,0.0006872122175991535,1.0,0.12010706961154938,0.9649122953414917,9.99999901978299e-05
285,0.0028973708394914865,0.9983606338500977,0.11972448229789734,0.9649122953414917,9.99999901978299e-05
286,0.002402844838798046,0.9983606338500977,0.1194373369216919,0.9649122953414917,9.99999901978299e-05
287,0.0006188213010318577,1.0,0.11907148361206055,0.9707602262496948,9.99999901978299e-05
288,0.0009780492400750518,1.0,0.11881035566329956,0.9707602262496948,9.99999901978299e-05
289,0.001807558350265026,1.0,0.11826600134372711,0.9707602262496948,9.99999901978299e-05
290,0.003270489862188697,0.9983606338500977,0.1176631897687912,0.9649122953414917,9.99999901978299e-05
291,0.0030768015421926975,0.9983606338500977,0.11719366908073425,0.9649122953414917,9.99999901978299e-05
292,0.003055919660255313,0.9983606338500977,0.11671140044927597,0.9649122953414917,9.99999901978299e-05
293,0.004469904582947493,0.9983606338500977,0.11645979434251785,0.9649122953414917,9.99999901978299e-05
294,0.0020577742252498865,1.0,0.11637890338897705,0.9649122953414917,9.99999901978299e-05
295,0.0013734226813539863,1.0,0.11627619713544846,0.9649122953414917,9.99999901978299e-05
296,0.002775538945570588,1.0,0.1161302924156189,0.9649122953414917,9.99999901978299e-05
297,0.0014646706404164433,1.0,0.11587672680616379,0.9649122953414917,9.99999901978299e-05
298,0.0008335157763212919,1.0,0.1157713457942009,0.9649122953414917,9.99999901978299e-05
299,0.0011127673787996173,1.0,0.11574211716651917,0.9649122953414917,9.99999901978299e-05
300,0.0015589278191328049,1.0,0.11573375761508942,0.9649122953414917,9.99999901978299e-05
301,0.0008814624161459506,1.0,0.11574340611696243,0.9649122953414917,9.99999901978299e-05
302,0.0008440273813903332,1.0,0.11572781950235367,0.9649122953414917,9.99999901978299e-05
303,0.001202506828121841,1.0,0.11564701050519943,0.9649122953414917,9.99999901978299e-05
304,0.003442878369241953,0.9983606338500977,0.11531639844179153,0.9649122953414917,9.99999901978299e-05
305,0.0007371593383140862,1.0,0.11496163159608841,0.9649122953414917,9.99999901978299e-05
306,0.0007105752010829747,1.0,0.11482274532318115,0.9649122953414917,9.99999901978299e-05
307,0.0008522182470187545,1.0,0.11471276730298996,0.9649122953414917,9.99999901978299e-05
308,0.0009847760666161776,1.0,0.1144959107041359,0.9649122953414917,9.99999901978299e-05
309,0.00108929758425802,1.0,0.1142973080277443,0.9649122953414917,9.99999901978299e-05
310,0.001956409076228738,0.9983606338500977,0.11422651261091232,0.9649122953414917,9.99999901978299e-05
311,0.002331499708816409,1.0,0.11436296254396439,0.9649122953414917,9.99999901978299e-05
312,0.0007711832877248526,1.0,0.11494425684213638,0.9649122953414917,9.99999901978299e-05
313,0.0011643533362075686,1.0,0.11519782245159149,0.9649122953414917,9.99999901978299e-05
314,0.0006252102903090417,1.0,0.11531221866607666,0.9649122953414917,9.99999901978299e-05
315,0.004027186427265406,1.0,0.11461839079856873,0.9649122953414917,9.99999901978299e-05
316,0.002137714996933937,1.0,0.11426606774330139,0.9649122953414917,9.99999901978299e-05
317,0.004589348565787077,0.9983606338500977,0.1141580268740654,0.9707602262496948,9.99999901978299e-05
318,0.0004422405327204615,1.0,0.11424008756875992,0.9707602262496948,9.99999901978299e-05
319,0.013923117890954018,0.9983606338500977,0.11518817394971848,0.9707602262496948,9.99999901978299e-05
320,0.010247914120554924,0.9983606338500977,0.11596919596195221,0.9766082167625427,9.99999901978299e-05
321,0.0008089880575425923,1.0,0.1165570393204689,0.9766082167625427,9.99999901978299e-05
322,0.001207820838317275,1.0,0.11689111590385437,0.9766082167625427,9.99999901978299e-05
323,0.0012986946385353804,1.0,0.11727076768875122,0.9766082167625427,9.99999901978299e-05
324,0.0012117421720176935,1.0,0.11763390898704529,0.9766082167625427,9.99999901978299e-05
325,0.005896446760743856,0.9967213273048401,0.117690809071064,0.9766082167625427,9.99999901978299e-05
326,0.000773392734117806,1.0,0.11788496375083923,0.9766082167625427,9.99999901978299e-05
327,0.0012188018299639225,1.0,0.11820109188556671,0.9766082167625427,9.99999901978299e-05
328,0.0008101550047285855,1.0,0.11857730150222778,0.9766082167625427,9.99999901978299e-05
329,0.0014521318953484297,1.0,0.11896654218435287,0.9766082167625427,9.99999901978299e-05
330,0.0009306169813498855,1.0,0.1192575991153717,0.9766082167625427,9.99999901978299e-05
331,0.0006839399575255811,1.0,0.11934594810009003,0.9766082167625427,9.99999901978299e-05
332,0.0010525709949433804,1.0,0.11950578540563583,0.9766082167625427,9.99999901978299e-05
333,0.0007411839324049652,1.0,0.11969966441392899,0.9766082167625427,9.99999901978299e-05
334,0.0006696112686768174,1.0,0.1198214516043663,0.9766082167625427,9.99999901978299e-05
335,0.0006170076667331159,1.0,0.11996650695800781,0.9766082167625427,9.99999901978299e-05
336,0.0005358377238735557,1.0,0.12005192786455154,0.9766082167625427,9.99999901978299e-05
337,0.005157604347914457,0.9983606338500977,0.11998088657855988,0.9766082167625427,9.99999901978299e-05
338,0.0026543764397501945,0.9983606338500977,0.1198633462190628,0.9766082167625427,9.99999901978299e-05
339,0.0012688053539022803,1.0,0.11987059563398361,0.9766082167625427,9.99999901978299e-05
340,0.0005254516145214438,1.0,0.11995400488376617,0.9766082167625427,9.99999901978299e-05
341,0.002655613236129284,0.9983606338500977,0.1198948547244072,0.9766082167625427,9.99999901978299e-05
342,0.002022100379690528,0.9983606338500977,0.12021378427743912,0.9766082167625427,9.99999901978299e-05
343,0.0009865667670965195,1.0,0.12063814699649811,0.9766082167625427,9.99999901978299e-05
344,0.0021739560179412365,1.0,0.12085539847612381,0.9766082167625427,9.99999901978299e-05
345,0.0020807695109397173,1.0,0.12101846188306808,0.9766082167625427,9.99999901978299e-05
346,0.0007492818986065686,1.0,0.12120688706636429,0.9766082167625427,9.99999901978299e-05
347,0.000470330094685778,1.0,0.12136714905500412,0.9766082167625427,9.99999901978299e-05
348,0.001754028256982565,1.0,0.12158119678497314,0.9766082167625427,9.99999901978299e-05
349,0.003315916983410716,1.0,0.12169510126113892,0.9766082167625427,9.99999901978299e-05
350,0.002536349929869175,0.9983606338500977,0.12179113924503326,0.9766082167625427,9.99999901978299e-05
351,0.001457064412534237,1.0,0.12191833555698395,0.9766082167625427,9.99999901978299e-05
352,0.0008279698668047786,1.0,0.12197763472795486,0.9766082167625427,9.99999901978299e-05
353,0.0007056036265566945,1.0,0.12204885482788086,0.9766082167625427,9.99999901978299e-05
354,0.0026885473635047674,0.9983606338500977,0.12174709886312485,0.9766082167625427,9.99999901978299e-05
355,0.0010417088633403182,1.0,0.12172966450452805,0.9766082167625427,9.99999901978299e-05
356,0.005246261600404978,0.9983606338500977,0.12086647748947144,0.9766082167625427,9.99999901978299e-05
357,0.0008266596705652773,1.0,0.12036643922328949,0.9766082167625427,9.99999901978299e-05
358,0.0019845201168209314,1.0,0.12029824405908585,0.9766082167625427,9.99999901978299e-05
359,0.0008149681380018592,1.0,0.12051902711391449,0.9766082167625427,9.99999901978299e-05
360,0.0008457969524897635,1.0,0.12079361826181412,0.9766082167625427,9.99999901978299e-05
361,0.0006725374842062593,1.0,0.12102480977773666,0.9766082167625427,9.99999901978299e-05
362,0.0007488509872928262,1.0,0.12122438848018646,0.9707602262496948,9.99999901978299e-05
363,0.002020495478063822,1.0,0.12137194722890854,0.9707602262496948,9.99999901978299e-05
364,0.0014924447750672698,1.0,0.12158000469207764,0.9766082167625427,9.99999901978299e-05
365,0.001424496411345899,1.0,0.12187306582927704,0.9707602262496948,9.99999901978299e-05
366,0.0011995413806289434,1.0,0.12218780815601349,0.9707602262496948,9.99999901978299e-05
367,0.0016558076022192836,1.0,0.1224064826965332,0.9707602262496948,9.99999901978299e-05
368,0.002339285798370838,1.0,0.12266526371240616,0.9707602262496948,9.99999883788405e-06
369,0.0011440733214840293,1.0,0.12282699346542358,0.9707602262496948,9.99999883788405e-06
370,0.0006595779559575021,1.0,0.12294264137744904,0.9707602262496948,9.99999883788405e-06
371,0.002374422037974,1.0,0.12303125858306885,0.9707602262496948,9.99999883788405e-06
372,0.002279640408232808,1.0,0.12306045740842819,0.9707602262496948,9.99999883788405e-06
373,0.0012808652827516198,1.0,0.12310791015625,0.9707602262496948,9.99999883788405e-06
374,0.0016766590997576714,1.0,0.12322721630334854,0.9707602262496948,9.99999883788405e-06
375,0.001203979249112308,1.0,0.12327288836240768,0.9707602262496948,9.99999883788405e-06
376,0.0007257493562065065,1.0,0.12334008514881134,0.9707602262496948,9.99999883788405e-06
377,0.0008289088727906346,1.0,0.1233636736869812,0.9707602262496948,9.99999883788405e-06
378,0.0005019219242967665,1.0,0.12338887155056,0.9707602262496948,9.99999883788405e-06
379,0.0007296233088709414,1.0,0.12341278791427612,0.9707602262496948,9.99999883788405e-06
380,0.0013327646302059293,1.0,0.12348729372024536,0.9707602262496948,9.99999883788405e-06
381,0.0004812596889678389,1.0,0.12353578954935074,0.9707602262496948,9.99999883788405e-06
382,0.0006554454448632896,1.0,0.12364155799150467,0.9707602262496948,9.99999883788405e-06
383,0.0007293742964975536,1.0,0.12365937978029251,0.9707602262496948,9.99999883788405e-06
384,0.00048204264021478593,1.0,0.12368229776620865,0.9707602262496948,9.99999883788405e-06
385,0.0010001163464039564,1.0,0.12370280176401138,0.9707602262496948,9.99999883788405e-06
386,0.0011457939399406314,1.0,0.12375427782535553,0.9707602262496948,9.99999883788405e-06
387,0.003345964476466179,0.9983606338500977,0.12382061034440994,0.9707602262496948,9.99999883788405e-06
388,0.0007827141089364886,1.0,0.12384351342916489,0.9707602262496948,9.99999883788405e-06
389,0.0009788807947188616,1.0,0.12384706735610962,0.9707602262496948,9.99999883788405e-06
390,0.0009759209351614118,1.0,0.12390299886465073,0.9649122953414917,9.99999883788405e-06
391,0.0009318889351561666,1.0,0.12394830584526062,0.9649122953414917,9.99999883788405e-06
392,0.0006192967994138598,1.0,0.12395859509706497,0.9649122953414917,9.99999883788405e-06
393,0.0016284389421343803,1.0,0.12401621043682098,0.9649122953414917,9.99999883788405e-06
394,0.0012442361330613494,1.0,0.12400095164775848,0.9649122953414917,9.99999883788405e-06
395,0.0009386851452291012,1.0,0.12400812655687332,0.9649122953414917,9.99999883788405e-06
396,0.00227345060557127,1.0,0.12402768433094025,0.9649122953414917,9.99999883788405e-06
397,0.0027280065696686506,1.0,0.12399592250585556,0.9649122953414917,9.99999883788405e-06
398,0.0008666238863952458,1.0,0.12404438853263855,0.9649122953414917,9.99999883788405e-06
399,0.002198299625888467,0.9983606338500977,0.12406544387340546,0.9649122953414917,9.99999883788405e-06
400,0.0005056938389316201,1.0,0.12407277524471283,0.9649122953414917,9.99999883788405e-06
401,0.0005897610681131482,1.0,0.12402220070362091,0.9649122953414917,9.99999883788405e-06
402,0.004307023715227842,0.9983606338500977,0.12401013821363449,0.9649122953414917,9.99999883788405e-06
403,0.0006707225111313164,1.0,0.12403800338506699,0.9649122953414917,9.99999883788405e-06
404,0.0006743199774064124,1.0,0.12406571954488754,0.9649122953414917,9.99999883788405e-06
405,0.0011906222207471728,1.0,0.12411519885063171,0.9649122953414917,9.99999883788405e-06
406,0.001073976163752377,1.0,0.12414536625146866,0.9649122953414917,9.99999883788405e-06
407,0.0006836177781224251,1.0,0.12411397695541382,0.9649122953414917,9.99999883788405e-06
408,0.004110617097467184,0.9983606338500977,0.1241292878985405,0.9649122953414917,9.99999883788405e-06
409,0.001760495244525373,1.0,0.12417867034673691,0.9649122953414917,9.99999883788405e-06
410,0.0015048737404868007,1.0,0.12419755011796951,0.9649122953414917,9.99999883788405e-06
411,0.0016976071055978537,1.0,0.12422476708889008,0.9649122953414917,9.99999883788405e-06
412,0.005890293978154659,0.9983606338500977,0.12433823943138123,0.9649122953414917,9.99999883788405e-06
413,0.00025524827651679516,1.0,0.12439669668674469,0.9649122953414917,9.99999883788405e-06
414,0.0009995995787903666,1.0,0.12437791377305984,0.9649122953414917,9.99999883788405e-06
415,0.000647072505671531,1.0,0.1244378462433815,0.9649122953414917,9.99999883788405e-06
416,0.0006977709708735347,1.0,0.12447202950716019,0.9649122953414917,9.99999883788405e-06
417,0.0007417102460749447,1.0,0.1245274543762207,0.9649122953414917,9.99999883788405e-06
418,0.0013904368970543146,1.0,0.12448131293058395,0.9649122953414917,9.99999883788405e-07
419,0.0006572038982994854,1.0,0.12452033907175064,0.9649122953414917,9.99999883788405e-07
420,0.0012275237822905183,1.0,0.12452928721904755,0.9649122953414917,9.99999883788405e-07
421,0.0006538228481076658,1.0,0.1245264783501625,0.9649122953414917,9.99999883788405e-07
422,0.0014910015743225813,1.0,0.12454362213611603,0.9649122953414917,9.99999883788405e-07
423,0.0010658804094418883,1.0,0.12447524815797806,0.9649122953414917,9.99999883788405e-07
424,0.0016187793808057904,1.0,0.12450414150953293,0.9649122953414917,9.99999883788405e-07
425,0.0009531794930808246,1.0,0.12452724575996399,0.9649122953414917,9.99999883788405e-07
426,0.001812806585803628,1.0,0.12449226528406143,0.9649122953414917,9.99999883788405e-07
427,0.000685854465700686,1.0,0.12448059022426605,0.9649122953414917,9.99999883788405e-07
428,0.001251699635758996,1.0,0.12458695471286774,0.9649122953414917,9.99999883788405e-07
429,0.0011896512005478144,1.0,0.12460477650165558,0.9649122953414917,9.99999883788405e-07
430,0.0038424660451710224,0.9983606338500977,0.12462884932756424,0.9649122953414917,9.99999883788405e-07
431,0.0047896308824419975,0.9983606338500977,0.12467184662818909,0.9649122953414917,9.99999883788405e-07
432,0.0010660793632268906,1.0,0.12469886243343353,0.9649122953414917,9.99999883788405e-07
433,0.002244887175038457,1.0,0.12472181767225266,0.9649122953414917,9.99999883788405e-07
434,0.0007395147113129497,1.0,0.1247178316116333,0.9649122953414917,9.99999883788405e-07
435,0.0035676038824021816,1.0,0.12475025653839111,0.9649122953414917,9.99999883788405e-07
436,0.0006905919290147722,1.0,0.1247384250164032,0.9649122953414917,9.99999883788405e-07
437,0.0009115225402638316,1.0,0.12478787451982498,0.9649122953414917,9.99999883788405e-07
438,0.0008455294300802052,1.0,0.12482398748397827,0.9649122953414917,9.99999883788405e-07
439,0.0010155965574085712,1.0,0.1248406320810318,0.9649122953414917,9.99999883788405e-07
440,0.0006869425997138023,1.0,0.12488386034965515,0.9649122953414917,9.99999883788405e-07
441,0.0007353963446803391,1.0,0.12496264278888702,0.9649122953414917,9.99999883788405e-07
442,0.0018052138620987535,1.0,0.1249808818101883,0.9649122953414917,9.99999883788405e-07
443,0.0012150233378633857,1.0,0.12502337992191315,0.9649122953414917,9.99999883788405e-07
444,0.000855854304973036,1.0,0.12506148219108582,0.9649122953414917,9.99999883788405e-07
445,0.0026850139256566763,0.9983606338500977,0.1251039206981659,0.9649122953414917,9.99999883788405e-07
446,0.00581786222755909,0.9983606338500977,0.12510257959365845,0.9649122953414917,9.99999883788405e-07
447,0.0007820838363841176,1.0,0.1251077800989151,0.9649122953414917,9.99999883788405e-07
448,0.0012510739034041762,1.0,0.1251799762248993,0.9649122953414917,9.99999883788405e-07
449,0.0016417511506006122,1.0,0.12526333332061768,0.9649122953414917,9.99999883788405e-07
450,0.0008734014118090272,1.0,0.1253001093864441,0.9649122953414917,9.99999883788405e-07
451,0.0008962481515482068,1.0,0.12531647086143494,0.9649122953414917,9.99999883788405e-07
452,0.00040236726636067033,1.0,0.12538228929042816,0.9649122953414917,9.99999883788405e-07
453,0.0009051492670550942,1.0,0.12539687752723694,0.9649122953414917,9.99999883788405e-07
454,0.0004529359866864979,1.0,0.12549996376037598,0.9649122953414917,9.99999883788405e-07
455,0.0005688819219358265,1.0,0.12556800246238708,0.9649122953414917,9.99999883788405e-07
456,0.0010112514719367027,1.0,0.12560604512691498,0.9649122953414917,9.99999883788405e-07
457,0.0006058026920072734,1.0,0.12566794455051422,0.9649122953414917,9.99999883788405e-07
458,0.0006336040096357465,1.0,0.12567132711410522,0.9649122953414917,9.99999883788405e-07
459,0.0006458043353632092,1.0,0.1257220059633255,0.9649122953414917,9.99999883788405e-07
460,0.0006502920878119767,1.0,0.1257617026567459,0.9649122953414917,9.99999883788405e-07
461,0.002016219077631831,1.0,0.12582650780677795,0.9649122953414917,9.99999883788405e-07
462,0.0008423393010161817,1.0,0.12591589987277985,0.9649122953414917,9.99999883788405e-07
463,0.0009929398074746132,1.0,0.1260046660900116,0.9649122953414917,9.99999883788405e-07
464,0.002219277201220393,0.9983606338500977,0.12608540058135986,0.9649122953414917,9.99999883788405e-07
465,0.0014562428696081042,1.0,0.12607218325138092,0.9649122953414917,9.99999883788405e-07
466,0.0008130396599881351,1.0,0.12607425451278687,0.9649122953414917,9.99999883788405e-07
467,0.0014015644555911422,1.0,0.12607237696647644,0.9649122953414917,9.99999883788405e-07
468,0.0018070964142680168,1.0,0.12613140046596527,0.9649122953414917,9.999998695775503e-08
469,0.0008910191245377064,1.0,0.12618115544319153,0.9649122953414917,9.999998695775503e-08
470,0.00254275044426322,0.9984375238418579,0.12631458044052124,0.9649122953414917,9.999998695775503e-08
471,0.000914839853066951,1.0,0.12631982564926147,0.9649122953414917,9.999998695775503e-08
472,0.0006644908571615815,1.0,0.1263905018568039,0.9649122953414917,9.999998695775503e-08
473,0.0009649888379499316,1.0,0.12644028663635254,0.9649122953414917,9.999998695775503e-08
474,0.0009277251665480435,1.0,0.12649862468242645,0.9649122953414917,9.999998695775503e-08
475,0.0022061169147491455,0.9983606338500977,0.12656663358211517,0.9649122953414917,9.999998695775503e-08
476,0.0019340391736477613,1.0,0.12662933766841888,0.9649122953414917,9.999998695775503e-08
477,0.0010268009500578046,1.0,0.12671926617622375,0.9649122953414917,9.999998695775503e-08
478,0.0032954514026641846,0.9983606338500977,0.12675872445106506,0.9649122953414917,9.999998695775503e-08
479,0.003507159650325775,1.0,0.12683133780956268,0.9649122953414917,9.999998695775503e-08
480,0.0010858329478651285,1.0,0.12688405811786652,0.9649122953414917,9.999998695775503e-08
481,0.0010020547779276967,1.0,0.1268741488456726,0.9649122953414917,9.999998695775503e-08
482,0.0021898250561207533,0.9984375238418579,0.12695211172103882,0.9649122953414917,9.999998695775503e-08
483,0.0013305393513292074,1.0,0.12709780037403107,0.9649122953414917,9.999998695775503e-08
484,0.0012439991114661098,1.0,0.12715435028076172,0.9649122953414917,9.999998695775503e-08
485,0.0018859861884266138,1.0,0.1271999031305313,0.9649122953414917,9.999998695775503e-08
486,0.001026573940180242,1.0,0.1272500604391098,0.9649122953414917,9.999998695775503e-08
487,0.0006349973846226931,1.0,0.12730740010738373,0.9649122953414917,9.999998695775503e-08
488,0.002017251681536436,1.0,0.1273161619901657,0.9649122953414917,9.999998695775503e-08
489,0.0056609949097037315,0.9967213273048401,0.1273774653673172,0.9649122953414917,9.999998695775503e-08
490,0.001527857966721058,1.0,0.1274314969778061,0.9649122953414917,9.999998695775503e-08
491,0.0008734615403227508,1.0,0.12749584019184113,0.9649122953414917,9.999998695775503e-08
492,0.00133525300770998,1.0,0.1275864690542221,0.9649122953414917,9.999998695775503e-08
493,0.0005552259972319007,1.0,0.12760010361671448,0.9649122953414917,9.999998695775503e-08
494,0.0008995531243272126,1.0,0.12768235802650452,0.9649122953414917,9.999998695775503e-08
495,0.0010416877921670675,1.0,0.1277117133140564,0.9649122953414917,9.999998695775503e-08
496,0.0014545819722115993,1.0,0.12778331339359283,0.9649122953414917,9.999998695775503e-08
497,0.002182232216000557,1.0,0.12782949209213257,0.9649122953414917,9.999998695775503e-08
498,0.004628055728971958,0.9984375238418579,0.12788459658622742,0.9649122953414917,9.999998695775503e-08
499,0.000586348120123148,1.0,0.12793534994125366,0.9649122953414917,9.999998695775503e-08
